system:time_start,air_pollution_o3(æmol/m^2),Downward_surface_shortwave_radiationW/m^2,Land_surface_temprature_øC,air_pollution_no2(æmol/m^2),air_pollution_so2(æmol/m^2),Precipitation_accumulation_mm,vapor_pressure_kpa,wind_speed_m/s,air_pollution_CO(µmol/m^2)
1-Jan-24,"136,236.71",98.26,2.1,175.49,"344,039.08",37.325,0.369,1.809,"21,007.55"
1-Jan-24,"137,258.85",141.49,5.83,91.135,"248,083.87",37.561,0.505,2.056,"25,058.67"
1-Jan-24,"130,382.42",176.06,12.707,125.364,"144,015.51",27.444,0.515,2.536,"26,885.14"
2-Jan-24,"128,277.97",223.062,17.822,217.15,"306,331.04",29.051,0.636,3.376,"20,505.27"
2-Jan-24,"132,949.67",281.04,26.41,110.084,"197,105.98",5.434,0.615,3.131,"29,182.32"
3-Jan-24,"145,645.23",319.73,32.8,86.213,"258,623.91",0,0.79,2.849,"26,232.69"
4-Jan-24,"147,879.38",288.42,34.67,166.091,"176,632.88",1.362,0.924,3,"29,323.12"
5-Jan-24,"135,352.04",281.67,35.24,160.146,"277,759.16",0,0.842,2.547,"26,885.14"
5-Jan-24,"132,170.67",252.685,31.483,189.999,"283,374.01",0,0.815,2.19,"30,233.92"
6-Jan-24,"136,952.66",185.933,22.682,107.258,"384,781.90",12.973,0.661,2.75,"26,807.69"
6-Jan-24,"131,530.45",146.31,16.52,103.431,"330,860.60",4,0.73,1.874,"23,107.26"
6-Jan-24,"150,116.90",111.56,8.95,145.748,"388,919.98",21.735,0.475,1.784,"26,628.78"
7-Jan-24,"158,535.37",103.197,4.796,257.405,"220,236.98",29.26,0.444,1.932,"24,481.76"
7-Jan-24,"133,045.51",135.75,6.13,405.396,"335,454.28",31.498,0.437,1.955,"24,775.50"
8-Jan-24,"129,328.21",151.139,11.842,165.798,"426,760.70",69.536,0.57,2.299,"24,049.58"
9-Jan-24,"127,595.76",218.91,20.19,207.13,"614,404.38",13.444,0.696,3.42,"25,808.39"
9-Jan-24,"136,997.75",270.111,24.211,206.264,"592,209.26",3.434,0.658,3.627,"28,105.36"
10-Jan-24,"138,823.58",313.548,32.104,93.624,"235,913.42",3.937,0.784,2.863,"33,095.96"
10-Jan-24,"151,852.60",312.76,36.07,289.098,"202,643.81",0,0.956,2.897,"25,644.58"
11-Jan-24,"140,077.71",290.51,35.61,143.245,"464,147.18",0,0.923,2.591,"25,642.41"
11-Jan-24,"135,458.48",248.737,30.413,91.203,"282,830.53",0,0.68,2.857,"27,441.14"
12-Jan-24,"145,242.59",171.994,22.417,66.42,"454,255.90",12.073,0.847,2.043,"36,786.87"
12-Jan-24,"155,125.36",134.383,15.119,191.237,"389,588.47",13.248,0.555,1.83,"23,996.99"
13-Jan-24,"157,977.04",97.85,6.22,171.08,"303,656.48",65.133,0.433,2.368,"22,005.97"
13-Jan-24,"156,695.69",111.596,1.402,188.995,"449,412.62",40.665,0.331,2.139,"26,090.29"
14-Jan-24,"173,647.62",151.724,5.437,345.215,"400,062.48",54.57,0.396,3.036,"27,347.35"
14-Jan-24,"162,757.27",193.286,8.842,160.286,"363,449.64",72.981,0.387,2.467,"22,665.30"
14-Jan-24,"152,358.08",207.73,17.02,105.817,"219,929.11",57.91,0.538,3.373,"24,261.92"
15-Jan-24,"161,682.31",244.92,20.81,102.779,"204,099.83",55.976,0.556,2.92,"30,128.33"
16-Jan-24,"147,514.39",307.89,30.3,127.598,"471,186.90",5.874,0.853,2.96,"29,977.21"
16-Jan-24,"150,876.03",300.97,35.607,109.224,"393,185.60",0,0.835,2.844,"30,564.85"
17-Jan-24,"139,160.96",281.46,32.94,492.579,"494,912.04",3,0.623,2.716,"29,668.87"
17-Jan-24,"140,024.32",249.29,28.88,96.989,"592,829.28",0,0.519,2.997,"28,008.78"
17-Jan-24,"132,267.89",196.952,23.59,158.201,"631,023.10",0,0.523,2.128,"19,301.04"
17-Jan-24,"143,706.34",134.552,15.2,122.786,"964,145.30",20.91,0.492,2.618,"19,304.36"
18-Jan-24,"148,083.37",88.701,6.452,118.619,"482,768.69",38.223,0.474,1.758,"25,734.27"
18-Jan-24,"152,530.76",110.8,3.2,203.3,"754,086.93",48.609,0.345,2.337,"28,083.89"
19-Jan-24,"149,949.29",135.54,6.63,116.683,"293,804.70",65.374,0.41,2.297,"23,801.59"
20-Jan-24,"145,058.05",177.143,11.636,146.227,"344,178.30",51.279,0.45,3.177,"26,555.49"
21-Jan-24,"143,213.96",201.1,18.39,106.944,"272,481.92",48.354,0.532,3.539,"27,559.16"
21-Jan-24,"142,559.27",238.121,23.209,138.878,"604,175.29",38.129,0.753,3.097,"28,711.80"
22-Jan-24,"146,410.28",318.011,31.704,131.627,"515,159.04",1,0.797,2.816,"27,571.62"
22-Jan-24,"160,230.37",296.01,34.7,68.828,"879,315.51",0,0.882,2.765,"29,394.02"
22-Jan-24,"162,913.90",274.008,34.414,117.892,"413,351.47",1,0.9,2.405,"31,016.72"
23-Jan-24,"168,013.73",248.189,31.084,69.023,"481,255.75",0,0.692,2.544,"28,661.42"
23-Jan-24,"177,959.11",179.98,21.99,109.929,"438,946.53",5.488,0.455,2.161,"28,157.58"
24-Jan-24,"165,473.36",115.77,11.23,207.099,"488,437.93",69.012,0.298,2.131,"25,211.09"
25-Jan-24,"174,767.29",106.21,8.62,148.062,"364,737.16",12.488,0.405,1.287,"24,339.04"
26-Jan-24,"172,861.13",102.225,7.06,93.459,"373,135.15",35.985,0.531,2.171,"28,908.54"
27-Jan-24,"173,036.95",148.33,7.8,122.567,"267,905.01",35.973,0.369,2.498,"27,565.80"
27-Jan-24,"167,930.38",180.46,14.14,115.644,"790,850.44",47.995,0.565,2.776,"28,357.97"
28-Jan-24,"152,193.82",206.234,20.787,102.293,"272,481.92",23.391,0.624,2.83,"27,941.33"
28-Jan-24,"155,585.42",263.493,24.933,89.285,"515,159.04",21.391,0.808,2.878,"32,143.75"
28-Jan-24,"161,074.44",315.18,31.76,100.395,"341,822.59",1,0.733,2.912,"27,326.95"
29-Jan-24,"149,864.06",307.222,35.571,89.516,"502,284.75",0,0.695,2.949,"25,213.46"
29-Jan-24,"149,426.16",289.251,35.942,138.879,"521,604.89",0,0.849,2.726,"30,282.21"
30-Jan-24,"147,870.44",239.58,28.31,98.086,"604,175.29",0,0.372,2.808,"27,935.53"
31-Jan-24,"139,353.35",160.95,21.39,78.089,"519,403.79",27.102,0.636,2.067,"27,597.31"
1-Feb-24,"128,998.42",106.22,13.82,54.522,"364,737.16",67.425,0.679,2.635,"29,511.64"
1-Feb-24,"130,079.37",110.01,5.45,118.195,"341,822.59",24.694,0.309,2.047,"27,680.96"
2-Feb-24,"129,500.24",114.687,8.332,62.8,"521,604.89",4,0.532,2.126,"29,039.21"
2-Feb-24,"127,539.42",135.97,9.63,57.687,"502,284.75",30.019,0.575,1.985,"30,116.78"
2-Feb-24,"125,897.77",179.72,14.38,258.145,"519,403.79",17.784,0.552,2.521,"24,981.51"
2-Feb-24,"126,888.70",197.36,18.72,226.158,"413,351.47",49.42,0.706,3.105,"26,447.25"
3-Feb-24,"119,285.48",239.1,24.41,61.259,"488,437.93",59.221,0.784,2.644,"30,262.75"
3-Feb-24,"121,960.12",306.434,31.004,81.45,"373,135.15",6.886,0.797,2.313,"31,262.61"
4-Feb-24,"122,351.81",302.49,36.21,159.199,"267,905.01",0,0.899,2.685,"33,446.17"
5-Feb-24,"121,633.15",291.98,36.41,376.101,"549,066.71",0,0.993,2.756,"28,863.31"
6-Feb-24,"121,633.15",248.38,29.98,176.385,"533,609.91",0,0.738,2.548,"25,910.79"
6-Feb-24,"119,849.96",190.75,22.78,278.494,"564,174.67",1,0.511,2.237,"29,292.53"
7-Feb-24,"120,306.16",148.171,16.224,207.111,"790,850.44",1,0.567,2.401,"34,272.11"
7-Feb-24,"137,554.99",112.307,6.218,144.024,"481,253.88",17.539,0.323,1.339,"29,439.79"
7-Feb-24,"135,479.78",94.62,3.1,92.685,"664,583.37",42.335,0.394,2.155,"33,248.40"
8-Feb-24,"133,601.30",128.21,8.73,183.81,"600,836.25",84.24,0.437,2.334,"27,224.22"
8-Feb-24,"132,676.66",157.152,10.407,89.475,"701,130.47",94.308,0.451,2.896,"31,817.57"
9-Feb-24,"132,416.61",202.73,17.39,63.768,"533,239.05",57.92,0.472,3.51,"34,030.53"
10-Feb-24,"128,991.41",248.01,25.61,94.311,"417,652.09",36.988,0.885,2.285,"21,069.46"
10-Feb-24,"126,430.61",307.822,31.756,157.461,"435,539.96",5.874,0.745,2.882,"25,784.47"
11-Feb-24,"125,112.22",291.965,34.195,80.718,"480,450.53",3,0.922,3.137,"23,021.29"
11-Feb-24,"125,718.57",285.352,35.042,128.999,"472,954.62",3,0.843,2.67,"25,756.46"
12-Feb-24,"161,764.01",249.884,31.32,88.571,"517,649.60",0,0.802,2.318,"29,990.08"
12-Feb-24,"157,076.67",188.251,22.889,87.923,"504,395.58",3,0.623,2.497,"29,682.57"
13-Feb-24,"163,316.01",127.03,13.93,101.622,"370,596.10",7.762,0.506,1.32,"35,071.95"
13-Feb-24,"143,213.96",110.45,10.85,161.354,"559,937.31",19.973,0.53,1.717,"28,783.27"
13-Feb-24,"130,920.53",112.95,7.504,208.893,"554,609.54",20.784,0.444,2.339,"24,551.66"
14-Feb-24,"153,445.15",166.8,8.203,57.243,"816,505.63",5,0.342,2.451,"26,596.56"
14-Feb-24,"151,917.46",174.146,10.807,63.768,"495,373.22",59.886,0.368,3.247,"25,454.05"
15-Feb-24,"150,187.37",224.08,18.42,75.123,"550,620.54",35.422,0.558,3.57,"29,570.06"
15-Feb-24,"137,020.62",259.577,25.311,82.642,"510,748.33",19.629,0.742,2.786,"31,103.20"
16-Feb-24,"125,593.23",294.324,32.304,57.243,"594,581.89",6.874,0.791,2.746,"23,426.52"
17-Feb-24,"145,472.39",303.14,36.51,84.267,"586,560.82",0,0.929,2.586,"29,166.72"
17-Feb-24,"151,559.70",287.555,36.742,50.938,"686,153.84",0,0.756,2.866,"29,382.49"
18-Feb-24,"141,772.41",249.78,30.01,48.406,"655,338.28",0,0.583,2.774,"29,081.97"
18-Feb-24,"141,185.58",181.525,24.382,89.816,"530,786.20",6.789,0.834,2.477,"29,600.62"
18-Feb-24,"171,487.37",120.18,12.72,124.341,"547,177.61",28.617,0.529,1.603,"26,012.53"
19-Feb-24,"132,960.03",100.622,8.35,140.97,"537,917.06",27.313,0.502,1.625,"28,099.69"
19-Feb-24,"132,717.59",100.79,3.496,109.034,"551,774.78",36.325,0.476,2.232,"23,683.52"
20-Feb-24,"139,566.97",147.182,6.632,108.698,"406,924.23",41.189,0.424,2.478,"23,679.90"
21-Feb-24,"138,990.07",169.504,13.082,98.82,"556,864.80",76.439,0.508,3.231,"25,388.49"
22-Feb-24,"151,503.95",222.53,20.82,147.825,"126,321.49",21.391,0.702,3.101,"25,388.49"
22-Feb-24,"167,138.21",264.06,25.91,219.065,"123,159.23",31.638,0.773,2.828,"25,105.79"
23-Feb-24,"161,940.75",308.05,34,75.606,"118,695.02",1,0.835,3.05,"27,416.29"
23-Feb-24,"167,429.77",300.06,35.67,155.42,"130,559.05",2,0.869,2.766,"28,227.14"
23-Feb-24,"169,901.08",276.713,35.808,130.432,"134,447.52",3.522,0.97,2.496,"26,534.40"
24-Feb-24,"142,759.04",241.577,30.684,128.649,"156,436.67",0,0.744,2.499,"27,765.38"
24-Feb-24,"142,603.67",192.506,24.435,142.823,"150,859.78",15.614,0.56,2.126,"25,388.77"
25-Feb-24,"134,574.75",144.97,18.02,110.074,"153,003.30",6.01,0.548,1.808,"28,097.10"
26-Feb-24,"147,892.98",106.991,11.893,102.028,"150,517.89",6.541,0.605,1.49,"27,674.02"
26-Feb-24,"132,404.84",97.8,6.332,190.032,"153,318.62",39.847,0.501,1.769,"28,590.79"
27-Feb-24,"135,119.93",147.856,11.803,194.364,"152,399.80",26.019,0.521,2.577,"28,575.65"
27-Feb-24,"138,040.22",186.81,13.81,87.626,"146,436.21",42.558,0.501,2.626,"32,297.39"
28-Feb-24,"126,572.69",223.36,20.044,122.435,"144,783.64",16.019,0.664,3.17,"25,974.35"
28-Feb-24,"127,521.42",283.944,27.203,157.083,"152,531.96",1.434,0.771,2.773,"27,819.40"
29-Feb-24,"126,321.49",321.55,33.3,261.76,"154,413.38",0,0.745,3.047,"24,899.63"
29-Feb-24,"123,159.23",297.12,34.51,88.532,"149,490.98",3,0.813,2.771,"30,042.84"
29-Feb-24,"118,695.02",272.46,36.036,86.182,"146,187.84",1,0.808,2.671,"34,519.82"
1-Mar-24,"130,559.05",249.213,30.814,106.138,"162,285.69",0,0.654,2.198,"28,555.34"
1-Mar-24,"134,447.52",188.59,25.02,109.831,"154,817.95",3.541,0.66,2.483,"27,599.07"
2-Mar-24,"156,436.67",130.226,13.518,91.693,"142,288.02",41.743,0.56,2.075,"28,836.27"
2-Mar-24,"150,859.78",105.23,9.29,92.276,"139,369.15",34.461,0.44,1.522,"30,183.67"
3-Mar-24,"153,003.30",99.462,5.832,98.08,"142,288.60",40.325,0.375,2.313,"25,123.35"
4-Mar-24,"150,517.89",161.694,8.803,106.737,"155,621.35",19.998,0.383,2.078,"26,915.96"
4-Mar-24,"153,318.62",202.7,14.44,98.89,"156,507.41",22.922,0.463,3.304,"27,980.17"
5-Mar-24,"152,399.80",232.992,22.69,112.282,"153,701.08",8.5,0.818,3.312,"30,108.24"
5-Mar-24,"146,436.21",289.546,28.109,98.692,"162,200.40",1,0.872,2.926,"29,170.99"
5-Mar-24,"144,783.64",319.092,33.204,155.188,"165,592.71",0,0.717,2.736,"28,636.15"
5-Mar-24,"152,531.96",302.69,35.8,103.845,"164,246.12",1,0.894,3.145,"30,397.43"
6-Mar-24,"154,413.38",279.97,35.71,86.307,"161,163.78",0,0.876,2.786,"25,176.79"
6-Mar-24,"149,490.98",240.1,31.11,95.419,"157,611.34",0,0.66,2.383,"29,469.35"
7-Mar-24,"146,187.84",172.332,21.817,131.437,"156,505.68",26.231,0.579,2.134,"31,562.18"
8-Mar-24,"162,285.69",114.499,12.102,103.578,"168,795.11",39.561,0.493,1.546,"30,284.42"
9-Mar-24,"154,817.95",94.11,7.45,215.123,"166,699.60",103.335,0.522,1.641,"30,487.94"
9-Mar-24,"142,288.02",107.68,6.1,226.559,"173,733.52",33.325,0.358,1.779,"24,320.71"
10-Mar-24,"139,369.15",155.465,9.032,175.49,"181,944.21",19.5,0.432,2.509,"27,988.60"
10-Mar-24,"142,288.60",189.3,16.31,91.135,"176,187.46",24.563,0.59,2.555,"24,165.56"
10-Mar-24,"155,621.35",233.612,21.922,125.364,"170,915.77",5.947,0.727,3.11,"22,944.82"
11-Mar-24,"156,507.41",273.786,26.311,217.15,"156,588.70",25.638,0.785,3.168,"24,838.72"
11-Mar-24,"153,701.08",308.884,32.7,110.084,"164,393.18",8.811,0.706,2.896,"24,650.49"
12-Mar-24,"162,200.40",302.11,34.8,86.213,"138,283.37",2,0.823,2.882,"26,344.94"
13-Mar-24,"165,592.71",285.438,35.414,166.091,"143,017.58",0,0.845,2.475,"28,081.64"
13-Mar-24,"164,246.12",242.337,29.92,160.146,"154,667.44",0,0.671,2.414,"31,669.05"
14-Mar-24,"161,163.78",183.6,24.08,189.999,"167,528.30",7.01,0.622,2.859,"28,028.39"
14-Mar-24,"157,611.34",135.899,14.524,107.258,"155,043.64",21.663,0.518,1.954,"27,433.38"
15-Mar-24,"156,505.68",88.56,9.69,103.431,"139,073.97",66.536,0.624,1.766,"26,000.09"
15-Mar-24,"168,795.11",101.769,4.696,145.748,"142,332.86",41.325,0.419,2.097,"31,280.72"
16-Mar-24,"166,699.60",155.97,10.53,257.405,"143,310.47",12.01,0.513,2.493,"25,964.29"
16-Mar-24,"173,733.52",186.29,15.79,405.396,"148,014.04",31.432,0.534,3.077,"26,532.25"
16-Mar-24,"181,944.21",179.664,16.615,165.798,"152,711.65",70.269,0.629,3.878,"30,112.73"
17-Mar-24,"176,187.46",275.096,25.01,207.13,"150,020.03",8.947,0.712,3.115,"29,074.61"
17-Mar-24,"170,915.77",318.497,31.606,206.264,"152,477.95",0,0.756,3.33,"30,828.19"
18-Mar-24,"156,588.70",304.098,34.672,93.624,"157,693.12",1,0.901,2.991,"31,847.20"
19-Mar-24,"164,393.18",288.92,35.24,289.098,"163,874.78",0,0.78,2.38,"26,620.49"
20-Mar-24,"138,283.37",247.767,31.684,143.245,"152,581.77",0,0.78,2.108,"28,909.03"
20-Mar-24,"143,017.58",183.227,25.517,91.203,"152,002.07",2,0.763,1.984,"30,085.42"
21-Mar-24,"154,667.44",123.721,13.524,66.42,"153,466.63",37.265,0.652,1.656,"27,439.58"
21-Mar-24,"167,528.30",96.69,6.15,191.237,"139,953.43",33.214,0.392,2.221,"29,243.95"
21-Mar-24,"155,043.64",104.749,7.003,171.08,"146,042.16",38.835,0.397,2.277,"26,905.85"
21-Mar-24,"139,073.97",145.04,8.5,188.995,"149,445.46",41.049,0.507,2.734,"29,074.62"
22-Mar-24,"142,332.86",181.76,12.14,345.215,"143,382.03",47.995,0.463,3.312,"29,299.00"
22-Mar-24,"143,310.47",194.496,18.35,160.286,"146,544.67",76.852,0.638,3.277,"24,750.21"
25-Mar-24,"148,014.04",265.702,24.03,105.817,"142,545.37",10.726,0.729,2.682,"26,257.15"
25-Mar-24,"152,711.65",315.956,31.604,102.779,"151,452.14",0.937,0.715,2.642,"29,362.48"
26-Mar-24,"150,020.03",306.13,36.23,127.598,"143,928.11",0,0.837,2.664,"29,438.62"
26-Mar-24,"152,477.95",292.385,35.044,109.224,"142,134.97",0,0.823,2.896,"28,515.73"
27-Mar-24,"157,693.12",251.083,29.914,492.579,"139,866.46",0,0.582,2.627,"31,237.09"
27-Mar-24,"163,874.78",185.98,25.38,96.989,"141,251.75",13.029,0.785,2.689,
28-Mar-24,"152,581.77",139,13.62,158.201,"147,406.43",15.91,0.523,1.91,"34,207.09"
28-Mar-24,"152,002.07",94.121,7.517,122.786,"151,237.37",51.646,0.547,1.976,"33,610.46"
29-Mar-24,"153,466.63",96.078,6.904,118.619,"143,990.74",58.388,0.536,2.158,"28,032.93"
30-Mar-24,"139,953.43",154.52,10.98,203.3,"148,801.66",20.01,0.508,3.183,"29,996.74"
31-Mar-24,"146,042.16",186.208,16.584,116.683,"149,651.07",32.029,0.617,2.703,"25,309.90"
31-Mar-24,"149,445.46",197.75,17.02,146.227,"147,937.71",73.852,0.586,3.523,"30,607.24"
1-Apr-24,"143,382.03",260.349,23.51,106.944,"147,184.13",37.374,0.718,3.287,"24,652.89"
1-Apr-24,"146,544.67",300.61,32.13,138.878,"136,902.82",3.937,0.783,2.937,"27,057.07"
1-Apr-24,"142,545.37",292.06,34.01,131.627,"135,596.14",3,0.799,2.901,"29,903.69"
2-Apr-24,"151,452.14",282.538,35.536,68.828,"130,399.42",0,0.889,2.65,"27,135.94"
2-Apr-24,"143,928.11",243.756,30.114,117.892,"135,249.69",0,0.673,2.568,"21,007.55"
3-Apr-24,"142,134.97",189.14,24.18,69.023,"130,001.95",3.541,0.692,2.073,"25,058.67"
4-Apr-24,"139,866.46",125.329,14.124,109.929,"130,997.39",48.049,0.704,2.064,"26,885.14"
5-Apr-24,"141,251.75",105.845,5.623,207.099,"134,681.94",37.723,0.419,1.617,"20,505.27"
5-Apr-24,"147,406.43",115.18,2.5,148.062,"126,568.54",58.087,0.348,2.217,"29,182.32"
5-Apr-24,"151,237.37",151.45,5.96,93.459,"126,886.83",22.561,0.369,2.075,"26,232.69"
6-Apr-24,"143,990.74",179.67,14.39,122.567,"137,232.37",57.43,0.528,3.439,"29,323.12"
6-Apr-24,"148,801.66",224.62,19.99,115.644,"122,423.78",26.675,0.649,3.155,"26,885.14"
6-Apr-24,"149,651.07",266.643,24.211,102.293,"137,007.47",16.735,0.8,2.837,"30,233.92"
7-Apr-24,"147,937.71",317.021,32.206,89.285,"127,408.40",1,0.776,2.816,"26,807.69"
7-Apr-24,"147,184.13",287.2,36.27,100.395,"129,237.45",0,0.936,2.736,"23,107.26"
8-Apr-24,"136,902.82",276.802,34.64,89.516,"127,322.47",3.422,0.826,2.435,"26,628.78"
9-Apr-24,"135,596.14",246.955,30.72,138.879,"150,284.11",0,0.622,2.293,"24,481.76"
9-Apr-24,"130,399.42",192.03,24.36,98.086,"160,906.16",0,0.593,2.72,"24,775.50"
10-Apr-24,"135,249.69",129.38,13.82,78.089,"152,786.18",27.726,0.543,1.665,"24,049.58"
10-Apr-24,"130,001.95",112.025,11.52,54.522,"146,974.85",40.223,0.558,1.561,"25,808.39"
11-Apr-24,"130,997.39",100.224,3.355,118.195,"144,547.39",58.066,0.352,2.049,"28,105.36"
12-Apr-24,"134,681.94",134.62,10.738,62.8,"144,973.96",58.092,0.465,2.79,"33,095.96"
12-Apr-24,"126,568.54",191.12,16.19,57.687,"139,699.21",27.432,0.554,3.157,"25,644.58"
13-Apr-24,"126,886.83",219.3,19.32,258.145,"139,217.47",38.464,0.691,3.215,"25,642.41"
13-Apr-24,"137,232.37",261.648,26.11,226.158,"137,479.92",6.022,0.836,2.615,"27,441.14"
14-Apr-24,"122,423.78",315.05,33.9,61.259,"135,406.32",0,0.807,3.182,"36,786.87"
15-Apr-24,"137,007.47",309.048,35.7,81.45,"146,067.46",1,0.894,3.23,"23,996.99"
16-Apr-24,"127,408.40",281.689,35.238,159.199,"137,923.15",0,0.854,2.78,"22,005.97"
16-Apr-24,"129,237.45",247.14,29.92,376.101,"138,183.02",0,0.589,2.689,"26,090.29"
16-Apr-24,"127,322.47",166.26,23.5,176.385,"142,239.61",29.828,0.795,2.25,"27,347.35"
16-Apr-24,"150,284.11",129.83,12.22,278.494,"146,977.81",27.257,0.542,2.004,"22,665.30"
17-Apr-24,"160,906.16",105.284,3.118,207.111,"147,696.18",52.049,0.349,1.584,"24,261.92"
17-Apr-24,"152,786.18",117,3.274,144.024,"138,960.32",21.784,0.313,2.206,"30,128.33"
18-Apr-24,"146,974.85",138,9,92.685,"132,579.58",28.551,0.508,2.206,"29,977.21"
18-Apr-24,"144,547.39",164.84,11.64,183.81,"131,559.22",62.995,0.445,2.823,"30,564.85"
19-Apr-24,"144,973.96",201.758,17.421,89.475,"129,863.14",66.801,0.593,3.825,"29,668.87"
20-Apr-24,"139,699.21",258.84,25.8,63.768,"133,625.09",35.308,0.817,2.423,"28,008.78"
20-Apr-24,"139,217.47",304.181,32.756,94.311,"133,614.89",12.748,0.757,2.752,"19,301.04"
21-Apr-24,"137,479.92",278.23,35.03,157.461,"132,518.29",1,0.897,3.096,"19,304.36"
21-Apr-24,"135,406.32",273.94,34.44,80.718,"131,820.20",0,0.823,2.845,"25,734.27"
22-Apr-24,"146,067.46",248.94,30.51,128.999,"129,821.08",0,0.759,2.878,"28,083.89"
22-Apr-24,"137,923.15",186.638,23.89,88.571,"131,515.22",1,0.611,1.971,"23,801.59"
23-Apr-24,"138,183.02",142.846,16.431,87.923,"344,039.08",17.25,0.59,2.308,"26,555.49"
23-Apr-24,"142,239.61",111.631,7.493,101.622,"248,083.87",40.223,0.46,1.761,"27,559.16"
24-Apr-24,"146,977.81",108.358,-1.452,161.354,"144,015.51",49.803,0.181,1.935,"28,711.80"
24-Apr-24,"147,696.18",152.009,6.032,208.893,"306,331.04",14.551,0.384,2.304,"27,571.62"
24-Apr-24,"138,960.32",203.818,19.212,57.243,"197,105.98",2,0.721,3.501,"29,394.02"
25-Apr-24,"132,579.58",239.14,21.963,63.768,"258,623.91",18.721,0.856,3.216,"31,016.72"
26-Apr-24,"131,559.22",272.541,25.711,75.123,"176,632.88",8.726,0.866,3.799,"28,661.42"
27-Apr-24,"129,863.14",318.57,32.928,82.642,"277,759.16",0,0.781,3.026,"28,157.58"
27-Apr-24,"133,625.09",290.511,35.672,57.243,"283,374.01",0,0.967,2.728,"25,211.09"
27-Apr-24,"133,614.89",284.685,34.914,84.267,"384,781.90",0,0.901,2.869,"24,339.04"
28-Apr-24,"132,518.29",240.36,30.21,50.938,"330,860.60",0,0.789,2.616,"28,908.54"
28-Apr-24,"131,820.20",174.63,23.64,48.406,"388,919.98",21.983,0.711,2.359,"27,565.80"
29-Apr-24,"129,821.08",116.95,12.2,89.816,"220,236.98",45.646,0.549,1.758,"28,357.97"
29-Apr-24,"131,515.22",114.064,8.52,124.341,"335,454.28",14.303,0.454,1.631,"27,941.33"
30-Apr-24,"130,990.96",112.138,6.202,140.97,"426,760.70",26.835,0.372,2.117,"32,143.75"
1-May-24,"133,344.46",141.703,10.903,109.034,"614,404.38",34.835,0.639,2.888,"27,326.95"
1-May-24,"133,978.53",197.64,15.49,108.698,"592,209.26",34.551,0.636,3.715,"25,213.46"
2-May-24,"129,686.14",206.634,16.046,98.82,"235,913.42",48.41,0.55,3.816,"30,282.21"
2-May-24,"135,513.14",253.46,25.11,147.825,"202,643.81",16.968,0.86,3.351,"27,935.53"
2-May-24,"130,633.78",300.263,30.55,219.065,"464,147.18",9.811,0.888,2.548,"27,597.31"
3-May-24,"129,686.14",315.702,35.972,75.606,"282,830.53",0,0.89,2.809,"29,511.64"
3-May-24,"129,686.14",285.227,34.966,155.42,"454,255.90",0,0.865,2.476,"27,680.96"
4-May-24,"129,686.14",240.581,28.414,130.432,"389,588.47",0,0.821,3.097,"29,039.21"
5-May-24,"132,417.54",177.127,22.789,128.649,"303,656.48",25.772,0.692,2.045,"30,116.78"
5-May-24,"131,142.66",128.665,13.132,142.823,"449,412.62",55.471,0.654,2.108,"24,981.51"
6-May-24,"131,172.95",102.973,8.118,110.074,"400,062.48",34.735,0.688,1.407,"26,447.25"
6-May-24,"132,187.21",107.329,10.509,102.028,"363,449.64",13.774,0.526,2.561,"30,262.75"
7-May-24,"132,509.63",133.05,10.8,190.032,"219,929.11",41.624,0.65,2.759,"31,262.61"
7-May-24,"132,187.21",175.01,16.64,194.364,"204,099.83",28.551,0.748,3.699,"33,446.17"
8-May-24,"132,187.21",205.396,19.493,87.626,"471,186.90",51.847,0.723,3.33,"28,863.31"
8-May-24,"131,959.00",256.531,25.21,122.435,"393,185.60",20.638,0.82,3.176,"25,910.79"
8-May-24,"133,055.54",314.701,33.556,157.083,"494,912.04",1.937,0.85,2.942,"29,292.53"
9-May-24,"132,187.21",314.44,36.77,261.76,"592,829.28",0,0.903,2.81,"34,272.11"
9-May-24,"129,174.34",270.961,33.808,88.532,"631,023.10",3,0.82,2.502,"29,439.79"
10-May-24,"132,187.21",243.46,30.608,86.182,"964,145.30",0,0.775,2.587,"33,248.40"
11-May-24,"130,360.61",192.573,25.889,106.138,"482,768.69",1,0.755,2.329,"27,224.22"
12-May-24,"132,187.21",145.98,16.07,109.831,"754,086.93",18.313,0.584,1.381,"31,817.57"
12-May-24,"129,172.19",122.83,11.29,91.693,"293,804.70",13.91,0.522,1.461,"34,030.53"
13-May-24,"128,311.74",104.607,4.455,92.276,"344,178.30",44.087,0.42,1.809,"21,069.46"
13-May-24,"129,172.19",141.05,8.24,98.08,"272,481.92",15.129,0.445,2.814,"25,784.47"
13-May-24,"126,342.20",171.22,13.14,106.737,"604,175.29",61.046,0.527,2.417,"23,021.29"
14-May-24,"129,429.46",216.57,19.12,98.89,"515,159.04",25.117,0.643,3.761,"25,756.46"
14-May-24,"129,154.81",264.58,25.41,112.282,"879,315.51",19.638,0.85,3.273,"29,990.08"
15-May-24,"130,174.11",313.647,33.406,98.692,"413,351.47",1,0.809,3.006,"29,682.57"
15-May-24,"130,174.11",294.977,35.9,155.188,"481,255.75",1,0.898,2.802,"35,071.95"
16-May-24,"129,172.19",271.335,34.644,103.845,"438,946.53",1,0.774,2.605,"28,783.27"
16-May-24,"130,174.11",245.935,30.008,86.307,"488,437.93",0,0.728,2.885,"24,551.66"
16-May-24,"129,067.85",183.36,22.19,95.419,"364,737.16",20.461,0.686,2.611,"26,596.56"
17-May-24,"129,125.03",122.29,9.83,131.437,"373,135.15",71.036,0.441,1.716,"25,454.05"
18-May-24,"129,014.00",123.932,7.893,103.578,"267,905.01",1,0.411,1.326,"29,570.06"
18-May-24,"127,677.93",114.781,7.009,215.123,"790,850.44",8.478,0.377,2.366,"31,103.20"
19-May-24,"129,125.03",144.828,6.957,226.559,"272,481.92",31.835,0.369,2.82,"23,426.52"
19-May-24,"129,125.03",203.05,12.24,175.49,"515,159.04",18.563,0.425,4.523,"29,166.72"
19-May-24,"129,128.08",194.93,19.09,91.135,"341,822.59",60.42,0.736,2.557,"29,382.49"
20-May-24,"129,959.72",273.8,26.21,125.364,"502,284.75",8.022,0.951,3.786,"29,081.97"
20-May-24,"129,125.03",300.73,32.05,217.15,"521,604.89",2.937,0.877,3.19,"29,600.62"
21-May-24,"131,062.88",300.635,34.995,110.084,"604,175.29",6,0.923,2.792,"26,012.53"
22-May-24,"132,706.41",281.65,35.31,86.213,"519,403.79",1,0.975,2.968,"28,099.69"
23-May-24,"128,808.89",242.854,30.014,166.091,"364,737.16",0,0.653,2.985,"23,683.52"
23-May-24,"132,706.41",178.89,23.289,160.146,"341,822.59",19.561,0.723,2.412,"23,679.90"
24-May-24,"132,706.41",114.81,13.5,189.999,"521,604.89",51.333,0.742,1.681,"25,388.49"
24-May-24,"127,967.92",101.15,7.95,107.258,"502,284.75",40.085,0.447,1.621,"25,388.49"
24-May-24,"129,473.93",110.8,7.7,103.431,"519,403.79",19.553,0.5,2.801,"25,105.79"
25-May-24,"128,027.83",149.16,10.83,145.748,"413,351.47",13.01,0.725,2.443,"27,416.29"
25-May-24,"130,617.97",191.574,16.507,257.405,"488,437.93",34.323,0.538,3.761,"28,227.14"
26-May-24,"132,706.41",225.754,19.121,405.396,"373,135.15",25.454,0.682,3.41,"26,534.40"
27-May-24,"132,706.41",245.59,25.115,165.798,"267,905.01",32.367,0.79,3.383,"27,765.38"
27-May-24,"132,706.41",314.64,34,207.13,"549,066.71",0,0.82,2.897,"25,388.77"
28-May-24,"127,203.30",315.854,37.5,206.264,"533,609.91",0,1.085,2.501,"28,097.10"
28-May-24,"129,270.42",280.69,35.54,93.624,"564,174.67",0,0.843,2.701,"27,674.02"
29-May-24,"125,763.14",246.03,31.52,289.098,"790,850.44",0,0.768,2.678,"28,590.79"
29-May-24,"128,607.10",189.95,24.69,143.245,"481,253.88",0,0.628,2.708,"28,575.65"
30-May-24,"127,546.90",109.183,12.801,91.203,"664,583.37",50.471,0.671,1.818,"32,297.39"
30-May-24,"127,226.27",103.98,6.15,66.42,"600,836.25",41.223,0.379,1.818,"25,974.35"
31-May-24,"125,763.14",104.14,4,191.237,"701,130.47",33.325,0.48,1.987,"27,819.40"
31-May-24,"125,763.14",150.9,7.4,171.08,"533,239.05",19.488,0.397,2.02,"24,899.63"
1-Jun-24,"125,763.14",166.9,14.642,188.995,"417,652.09",43.454,0.628,3.321,"30,042.84"
1-Jun-24,"127,213.92",215.738,20.515,345.215,"435,539.96",30.041,0.691,3.202,"34,519.82"
2-Jun-24,"128,173.81",251.73,27.41,160.286,"480,450.53",10.726,0.897,2.833,"28,555.34"
3-Jun-24,"126,861.31",302.18,33.96,105.817,"472,954.62",3.937,0.819,3.302,"27,599.07"
3-Jun-24,"127,793.92",295.312,36.971,102.779,"517,649.60",0,0.885,3.221,"28,836.27"
4-Jun-24,"124,077.65",280.08,36.74,127.598,"504,395.58",0,0.95,2.486,"30,183.67"
4-Jun-24,"126,861.31",249.471,31.72,109.224,"370,596.10",0,0.819,2.814,"25,123.35"
4-Jun-24,"124,564.76",174.8,21.78,492.579,"559,937.31",17.561,0.604,2.565,"26,915.96"
5-Jun-24,"124,806.38",123.51,11.62,96.989,"554,609.54",36.498,0.488,1.786,"27,980.17"
5-Jun-24,"126,861.31",108.45,8.79,158.201,"816,505.63",13.488,0.564,1.439,"30,108.24"
5-Jun-24,"125,982.06",106.9,8.132,122.786,"495,373.22",8.01,0.5,2.437,"29,170.99"
6-Jun-24,"125,644.14",132.81,10.33,118.619,"550,620.54",22.129,0.624,2.618,"28,636.15"
7-Jun-24,"125,982.06",167.644,14.136,203.3,"510,748.33",46.325,0.579,2.943,"30,397.43"
8-Jun-24,"127,123.10",239.163,21.444,116.683,"594,581.89",20.369,0.65,3.813,"25,176.79"
8-Jun-24,"126,251.05",269.9,27.2,146.227,"586,560.82",28.692,0.859,3.417,"29,469.35"
9-Jun-24,"125,819.26",310.335,35.556,106.944,"686,153.84",2.447,0.859,2.917,"31,562.18"
9-Jun-24,"125,125.24",289,36.27,138.878,"655,338.28",5,0.918,2.991,"30,284.42"
9-Jun-24,"127,123.10",288.37,36.24,131.627,"530,786.20",0,0.89,2.601,"30,487.94"
10-Jun-24,"124,752.93",225.73,30.11,68.828,"547,177.61",0,0.743,2.348,"24,320.71"
10-Jun-24,"124,987.86",164.481,23.082,117.892,"537,917.06",23.296,0.784,2.416,"27,988.60"
11-Jun-24,"125,394.91",120.385,13.102,69.023,"551,774.78",26.735,0.536,1.858,"24,165.56"
11-Jun-24,"124,752.93",100.975,5.651,109.929,"406,924.23",34.801,0.482,1.658,"22,944.82"
12-Jun-24,"124,752.93",111.87,6.5,207.099,"556,864.80",30.262,0.505,2.437,"24,838.72"
12-Jun-24,"126,842.54",148.318,10.704,148.062,"126,321.49",24.488,0.565,2.242,"24,650.49"
13-Jun-24,"124,739.53",180.56,15.14,93.459,"123,159.23",35.211,0.656,3.565,"26,344.94"
14-Jun-24,"124,752.93",198.94,19.64,122.567,"118,695.02",47.313,0.703,2.895,"28,081.64"
14-Jun-24,"124,932.40",267.648,26.411,115.644,"130,559.05",25.638,0.873,3.301,"31,669.05"
14-Jun-24,"124,752.93",308.902,33.404,102.293,"134,447.52",1,0.856,3.655,"28,028.39"
15-Jun-24,"127,497.69",301.12,36.83,89.285,"156,436.67",0,0.966,2.915,"27,433.38"
15-Jun-24,"128,476.76",284.13,36.91,100.395,"150,859.78",0,0.878,2.932,"26,000.09"
16-Jun-24,"126,583.34",241.18,31.31,89.516,"153,003.30",0,0.747,2.694,"31,280.72"
16-Jun-24,"126,583.34",186.436,23.483,138.879,"150,517.89",3.478,0.56,2.449,"25,964.29"
17-Jun-24,"127,573.53",137.737,13.154,98.086,"153,318.62",11.551,0.474,2.298,"26,532.25"
18-Jun-24,"127,397.68",99.27,6.96,78.089,"152,399.80",44.223,0.41,2.227,"30,112.73"
19-Jun-24,"126,363.10",109.295,5.031,54.522,"146,436.21",36.121,0.395,2.312,"29,074.61"
19-Jun-24,"126,583.34",153.032,6.725,118.195,"144,783.64",30.561,0.408,2.2,"30,828.19"
19-Jun-24,"126,583.34",152.8,13.984,62.8,"152,531.96",47.655,0.57,2.901,"31,847.20"
20-Jun-24,"127,609.74",206.6,19.85,57.687,"154,413.38",37.337,0.623,3.627,"26,620.49"
20-Jun-24,"128,357.59",269.51,27.01,258.145,"149,490.98",45.896,0.856,3.143,"28,909.03"
21-Jun-24,"126,583.34",324.81,34.5,226.158,"146,187.84",1,0.792,3.225,"30,085.42"
21-Jun-24,"127,539.56",294.46,37.3,61.259,"162,285.69",2,0.923,2.85,"27,439.58"
22-Jun-24,"126,376.40",284.195,36.542,81.45,"154,817.95",0,0.881,2.711,"29,243.95"
23-Jun-24,"127,401.92",240.789,32.52,159.199,"142,288.02",0,0.744,2.375,"26,905.85"
23-Jun-24,"126,583.34",191.422,24.118,376.101,"139,369.15",4.541,0.636,3.044,"29,074.62"
24-Jun-24,"126,583.34",137.36,14.9,176.385,"142,288.60",12.422,0.655,1.914,"29,299.00"
24-Jun-24,"129,039.72",115.24,10.052,278.494,"155,621.35",12.422,0.483,1.737,"24,750.21"
25-Jun-24,"129,464.18",110.87,7.1,207.111,"156,507.41",30.772,0.462,2.458,"26,257.15"
25-Jun-24,"129,134.43",119.3,10.13,144.024,"153,701.08",49.57,0.565,2.558,"29,362.48"
26-Jun-24,"126,583.34",198.989,18.612,92.685,"162,200.40",12.478,0.676,4.127,"29,438.62"
26-Jun-24,"130,300.08",174.562,18.287,183.81,"165,592.71",58.876,0.633,2.93,"28,515.73"
27-Jun-24,"128,887.17",224.291,24.51,89.475,"164,246.12",58.959,0.847,2.821,"31,237.09"
27-Jun-24,"127,093.13",307.325,33.926,63.768,"161,163.78",8.811,0.829,2.824,
28-Jun-24,"127,093.13",310.093,38.071,94.311,"157,611.34",0,1.106,3.28,"34,207.09"
28-Jun-24,"127,093.13",289.07,36.84,157.461,"156,505.68",0,0.884,3.087,"33,610.46"
29-Jun-24,"129,215",243.137,32.184,80.718,"168,795.11",0,0.684,2.876,"28,032.93"
30-Jun-24,"127,767.19",156.202,23.595,128.999,"166,699.60",18.973,0.666,2.478,"29,996.74"
30-Jun-24,"127,681.66",96.09,12.48,88.571,"173,733.52",72.306,0.522,1.9,"25,309.90"
30-Jun-24,"127,093.13",105.748,8.752,87.923,"181,944.21",28.451,0.597,1.776,"30,607.24"
1-Jul-24,"127,093.13",104.089,9.177,101.622,"176,187.46",88.631,0.444,2.151,"24,652.89"
1-Jul-24,"126,904.00",153.553,10.49,161.354,"170,915.77",32.019,0.416,1.958,"27,057.07"
2-Jul-24,"127,093.13",161.53,12.12,208.893,"156,588.70",84.643,0.43,2.227,"29,903.69"
2-Jul-24,"127,093.13",209.49,18.72,57.243,"164,393.18",36.519,0.556,2.578,"27,135.94"
3-Jul-24,"126,083.87",262.604,26.81,63.768,"138,283.37",14.192,0.703,2.499,"28,575.65"
4-Jul-24,"126,437.74",307.361,34.998,75.123,"143,017.58",2.937,0.66,1.817,"32,297.39"
5-Jul-24,"126,235.44",294.66,37.8,82.642,"154,667.44",0,0.687,1.282,"25,974.35"
5-Jul-24,"126,180.71",278.568,36.637,57.243,"167,528.30",1.01,0.714,2.452,"27,819.40"
5-Jul-24,"127,093.13",247.419,32.308,84.267,"155,043.64",0,0.591,1.583,"24,899.63"
5-Jul-24,"127,091.58",170.85,24.69,50.938,"139,073.97",31.461,0.692,1.355,"30,042.84"
6-Jul-24,"127,567.14",134.59,12.99,48.406,"142,332.86",22.291,0.509,0.548,"34,519.82"
6-Jul-24,"127,093.13",100.82,9.89,89.816,"143,310.47",69.502,0.557,0.677,"28,555.34"
7-Jul-24,"127,304.06",102.6,7.79,124.341,"148,014.04",36.587,0.417,2.159,"27,599.07"
7-Jul-24,"127,302.29",135.9,11.785,140.97,"152,711.65",65.718,0.459,3.01,"28,836.27"
8-Jul-24,"127,348.09",155.567,15.866,109.034,"150,020.03",62.82,0.53,2.849,"30,183.67"
9-Jul-24,"127,093.13",197.744,19.088,108.698,"152,477.95",74.682,0.647,3.178,"25,123.35"
9-Jul-24,"127,093.13",267.791,27.575,98.82,"157,693.12",12.682,0.745,3.093,"26,915.96"
10-Jul-24,"124,590.45",318.76,33.77,147.825,"163,874.78",1.927,0.745,3.123,"27,980.17"
10-Jul-24,"125,151.58",278.335,36.066,219.065,"152,581.77",1,0.881,2.88,"30,108.24"
11-Jul-24,"126,427.87",286.11,34.632,75.606,"152,002.07",0,0.842,2.829,"29,170.99"
11-Jul-24,"127,093.13",240.75,30.81,155.42,"153,466.63",0,0.654,2.424,"28,636.15"
12-Jul-24,"129,197.76",188.46,22.94,130.432,"139,953.43",6.01,0.615,2.032,"30,397.43"
12-Jul-24,"127,304.36",108.401,15.012,128.649,"146,042.16",91.141,0.564,1.701,"25,176.79"
13-Jul-24,"127,093.13",103.622,9.006,142.823,"149,445.46",50.583,0.482,1.16,"29,469.35"
13-Jul-24,"127,093.13",108.28,8.88,110.074,"143,382.03",7.801,0.351,2.159,"31,562.18"
14-Jul-24,"127,093.13",147.39,12.47,102.028,"146,544.67",52.539,0.442,2.21,"30,284.42"
14-Jul-24,"124,576.05",180.84,17.79,190.032,"142,545.37",27.444,0.517,3.661,"30,487.94"
15-Jul-24,"126,344.25",213.834,23.722,194.364,"151,452.14",10.891,0.521,3.078,"24,320.71"
16-Jul-24,"125,893.62",261.1,27.72,87.626,"143,928.11",32.67,0.74,2.794,"27,988.60"
16-Jul-24,"125,893.62",313.197,35.816,122.435,"142,134.97",0,0.485,2.995,"24,165.56"
16-Jul-24,"126,301.70",301.43,37.14,157.083,"139,866.46",0,0.84,2.98,"22,944.82"
17-Jul-24,"125,893.62",280.71,35.509,261.76,"141,251.75",0.99,0.74,2.729,"24,838.72"
17-Jul-24,"127,018.84",246.53,32.32,88.532,"147,406.43",0,0.526,2.624,"24,650.49"
18-Jul-24,"127,681.66",182.98,23.96,86.182,"151,237.37",2.988,0.536,2.454,"26,344.94"
18-Jul-24,"127,093.13",127.79,14.31,106.138,"143,990.74",54.182,0.699,1.776,"28,081.64"
19-Jul-24,"127,093.13",105.58,10.71,109.831,"148,801.66",30.226,0.509,1.682,"31,669.05"
20-Jul-24,"126,904.00",113.395,6.43,91.693,"149,651.07",36.337,0.392,2.482,"28,028.39"
21-Jul-24,"127,093.13",144.68,10.8,92.276,"147,937.71",30.551,0.514,2.358,"27,433.38"
21-Jul-24,"127,093.13",186.647,15.54,98.08,"147,184.13",25.095,0.491,3.955,"26,000.09"
21-Jul-24,"126,083.87",218.528,22.544,106.737,"136,902.82",20.988,0.522,3.478,"31,280.72"
21-Jul-24,"126,437.74",283.69,26.03,98.89,"135,596.14",9.01,0.592,3.621,"25,964.29"
22-Jul-24,"126,235.44",316.19,34.73,112.282,"130,399.42",0,0.639,3.017,"26,532.25"
22-Jul-24,"126,180.71",312.87,36.3,98.692,"135,249.69",0.881,0.828,3.157,"30,112.73"
23-Jul-24,"127,093.13",289.13,35.35,155.188,"130,001.95",0,0.75,2.705,"29,074.61"
23-Jul-24,"127,091.58",243.949,32.184,103.845,"130,997.39",0,0.598,2.276,"30,828.19"
24-Jul-24,"127,567.14",188.24,25.99,86.307,"134,681.94",1.063,0.539,2.4,"31,847.20"
25-Jul-24,"127,093.13",126.53,14.55,95.419,"126,568.54",28.32,0.601,1.894,"26,620.49"
25-Jul-24,"127,304.06",98.182,7.476,131.437,"126,886.83",32.92,0.552,1.2,"28,909.03"
26-Jul-24,"127,302.29",100.21,5.15,103.578,"137,232.37",51.325,0.464,1.882,"30,085.42"
26-Jul-24,"127,348.09",154.001,8.448,215.123,"122,423.78",39.019,0.478,2.315,"27,439.58"
27-Jul-24,"127,093.13",167.67,17.1,226.559,"137,007.47",30.847,0.674,3.004,"29,243.95"
27-Jul-24,"127,093.13",223.34,20.85,175.49,"127,408.40",16.692,0.524,3.378,"26,905.85"
28-Jul-24,"124,590.45",266.06,26.45,91.135,"129,237.45",15.257,0.696,3.021,"29,074.62"
28-Jul-24,"125,151.58",307.568,33.271,125.364,"127,322.47",14.663,0.851,2.617,"29,299.00"
29-Jul-24,"126,427.87",305.667,37.073,217.15,"150,284.11",0,0.866,3.305,"24,750.21"
31-Jul-24,"127,093.13",281.348,36.04,110.084,"160,906.16",0,0.774,2.582,"26,257.15"
31-Jul-24,"129,197.76",242.02,31.97,86.213,"152,786.18",0,0.712,2.876,"29,362.48"
1-Aug-24,"127,304.36",175.33,24.99,166.091,"146,974.85",6.073,0.706,2.512,"29,438.62"
1-Aug-24,"127,093.13",131.561,16.224,160.146,"144,547.39",24.684,0.639,1.894,"28,515.73"
2-Aug-24,"127,093.13",114.17,11.78,189.999,"144,973.96",11.422,0.462,1.653,"31,237.09"
2-Aug-24,"127,093.13",105.74,10.7,107.258,"139,699.21",18.5,0.465,2.582,
3-Aug-24,"124,576.05",131,9.46,103.431,"139,217.47",56.92,0.515,2.312,"34,207.09"
3-Aug-24,"126,344.25",180.68,14.44,145.748,"137,479.92",46.049,0.548,3.097,"33,610.46"
4-Aug-24,"125,893.62",215.588,20.54,257.405,"135,406.32",34.585,0.62,2.778,"28,032.93"
5-Aug-24,"125,893.62",254.962,25.397,405.396,"146,067.46",55.636,0.891,3.021,"29,996.74"
6-Aug-24,"126,301.70",291.07,33.7,165.798,"137,923.15",7.874,1.006,2.717,"25,309.90"
6-Aug-24,"125,893.62",304.42,37.13,207.13,"138,183.02",0,0.985,2.906,"30,607.24"
7-Aug-24,"127,018.84",268.339,37.644,206.264,"142,239.61",1,1.006,2.482,"24,652.89"
7-Aug-24,"127,093.13",237.62,31.59,93.624,"146,977.81",0,0.766,2.676,"27,057.07"
7-Aug-24,"127,091.58",190.17,24.09,289.098,"147,696.18",1,0.526,2.612,"29,903.69"
7-Aug-24,"127,567.14",127.72,16.124,143.245,"138,960.32",15.835,0.658,2.194,"27,135.94"
8-Aug-24,"127,093.13",116.82,8.2,91.203,"132,579.58",10.784,0.371,1.502,"21,007.55"
8-Aug-24,"127,304.06",324.807,15.54,66.42,"131,559.22",103.335,1.106,4.523,"25,058.67"
9-Aug-24,"127,302.29",88.559,22.544,191.237,"129,863.14",0,0.181,0.548,"26,885.14"
10-Aug-24,"127,348.09",108.061,26.03,171.08,"133,625.09",28.32,0.774,2.876,"20,505.27"
11-Aug-24,"127,093.13",106.821,34.73,188.995,"133,614.89",32.92,0.712,2.512,"29,182.32"
11-Aug-24,"127,093.13",105.484,36.3,345.215,"132,518.29",51.325,0.706,1.894,"26,232.69"
12-Aug-24,"124,590.45",79.531,35.35,160.286,"131,820.20",39.019,0.639,1.653,"29,323.12"
12-Aug-24,"125,151.58",58.204,32.184,105.817,"129,821.08",30.847,0.462,2.582,"26,885.14"
12-Aug-24,"126,427.87",72.558,25.99,102.779,"131,515.22",16.692,0.465,2.312,"30,233.92"
13-Aug-24,"127,093.13",79.798,14.55,127.598,"344,039.08",15.257,0.515,3.097,"26,807.69"
13-Aug-24,"129,197.76",87.288,7.476,109.224,"248,083.87",14.663,0.548,2.778,"23,107.26"
14-Aug-24,"127,304.36",86.148,5.15,492.579,"144,015.51",0,0.62,3.021,"26,628.78"
15-Aug-24,"127,093.13",109.69,8.448,96.989,"306,331.04",0,0.891,2.717,"24,481.76"
16-Aug-24,"127,093.13",92.939,17.1,158.201,"197,105.98",0,1.006,2.906,"24,775.50"
17-Aug-24,"127,093.13",111.598,20.85,122.786,"258,623.91",6.073,0.985,2.482,"24,049.58"
17-Aug-24,"124,576.05",125.479,26.45,118.619,"176,632.88",24.684,1.006,2.676,"25,808.39"
17-Aug-24,"126,344.25",71.38,33.271,203.3,"277,759.16",11.422,0.766,2.612,"28,105.36"
18-Aug-24,"125,893.62",89.715,37.073,116.683,"283,374.01",18.5,0.526,2.194,"33,095.96"
18-Aug-24,"125,893.62",105.468,36.04,146.227,"384,781.90",56.92,0.658,1.502,"25,644.58"
19-Aug-24,"126,301.70",97.113,31.97,106.944,"330,860.60",46.049,0.371,4.523,"25,642.41"
20-Aug-24,"125,893.62",53.139,24.99,138.878,"388,919.98",34.585,1.106,0.548,"27,441.14"
20-Aug-24,"127,018.84",50.737,16.224,131.627,"220,236.98",55.636,0.181,,"36,786.87"
21-Aug-24,,,11.78,68.828,"335,454.28",7.874,,,"23,996.99"
21-Aug-24,,,10.7,117.892,"426,760.70",0,,,"22,005.97"
22-Aug-24,,,9.46,69.023,"614,404.38",1,,,"26,090.29"
22-Aug-24,,,14.44,109.929,"592,209.26",0,,,"27,347.35"
23-Aug-24,,,20.54,207.099,"235,913.42",1,,,"22,665.30"
23-Aug-24,,,25.397,148.062,"202,643.81",15.835,,,"24,261.92"
24-Aug-24,,,33.7,93.459,"464,147.18",10.784,,,"30,128.33"
24-Aug-24,,,37.13,122.567,"282,830.53",103.335,,,"29,977.21"
25-Aug-24,,,37.644,115.644,"454,255.90",0,,,"30,564.85"
25-Aug-24,,,31.59,102.293,"389,588.47",,,,"29,668.87"
25-Aug-24,,,24.09,89.285,"303,656.48",,,,"28,008.78"
26-Aug-24,,,16.124,100.395,"449,412.62",,,,"19,301.04"
27-Aug-24,,,8.2,89.516,"400,062.48",,,,"19,304.36"
27-Aug-24,,,,138.879,"363,449.64",,,,"25,734.27"
28-Aug-24,,,,98.086,"219,929.11",,,,"28,083.89"
28-Aug-24,,,,78.089,"204,099.83",,,,"23,801.59"
28-Aug-24,,,,54.522,"471,186.90",,,,"26,555.49"
29-Aug-24,,,,118.195,"393,185.60",,,,"27,559.16"
29-Aug-24,,,,62.8,"494,912.04",,,,"28,711.80"
30-Aug-24,,,,57.687,"592,829.28",,,,"27,571.62"
31-Aug-24,,,,258.145,"631,023.10",,,,"29,394.02"
1-Sep-24,,,,226.158,"964,145.30",,,,"31,016.72"
2-Sep-24,,,,61.259,"482,768.69",,,,"28,661.42"
2-Sep-24,,,,81.45,"754,086.93",,,,"28,157.58"
2-Sep-24,,,,159.199,"293,804.70",,,,"25,211.09"
3-Sep-24,,,,376.101,"344,178.30",,,,"24,339.04"
3-Sep-24,,,,176.385,"272,481.92",,,,"28,908.54"
4-Sep-24,,,,278.494,"604,175.29",,,,"27,565.80"
5-Sep-24,,,,207.111,"515,159.04",,,,"28,357.97"
5-Sep-24,,,,144.024,"879,315.51",,,,"27,941.33"
6-Sep-24,,,,92.685,"413,351.47",,,,"32,143.75"
6-Sep-24,,,,183.81,"481,255.75",,,,"27,326.95"
7-Sep-24,,,,89.475,"438,946.53",,,,"25,213.46"
7-Sep-24,,,,63.768,"488,437.93",,,,"30,282.21"
8-Sep-24,,,,94.311,"364,737.16",,,,"27,935.53"
8-Sep-24,,,,157.461,"373,135.15",,,,"27,597.31"
9-Sep-24,,,,80.718,"267,905.01",,,,"29,511.64"
9-Sep-24,,,,128.999,"790,850.44",,,,"27,680.96"
10-Sep-24,,,,88.571,"272,481.92",,,,"29,039.21"
10-Sep-24,,,,87.923,"515,159.04",,,,"30,116.78"
10-Sep-24,,,,101.622,"341,822.59",,,,"24,981.51"
11-Sep-24,,,,161.354,"502,284.75",,,,"26,447.25"
11-Sep-24,,,,208.893,"521,604.89",,,,"30,262.75"
12-Sep-24,,,,57.243,"604,175.29",,,,"31,262.61"
12-Sep-24,,,,63.768,"519,403.79",,,,"33,446.17"
13-Sep-24,,,,75.123,"364,737.16",,,,"28,863.31"
13-Sep-24,,,,82.642,"341,822.59",,,,"25,910.79"
14-Sep-24,,,,57.243,"521,604.89",,,,"29,292.53"
14-Sep-24,,,,84.267,"502,284.75",,,,"34,272.11"
15-Sep-24,,,,50.938,"519,403.79",,,,"29,439.79"
15-Sep-24,,,,48.406,"413,351.47",,,,"33,248.40"
16-Sep-24,,,,89.816,"488,437.93",,,,"27,224.22"
16-Sep-24,,,,124.341,"373,135.15",,,,"31,817.57"
17-Sep-24,,,,140.97,"267,905.01",,,,"34,030.53"
18-Sep-24,,,,109.034,"549,066.71",,,,"21,069.46"
18-Sep-24,,,,108.698,"533,609.91",,,,"25,784.47"
18-Sep-24,,,,98.82,"564,174.67",,,,"23,021.29"
19-Sep-24,,,,147.825,"790,850.44",,,,"25,756.46"
19-Sep-24,,,,219.065,"481,253.88",,,,"29,990.08"
20-Sep-24,,,,75.606,"664,583.37",,,,"29,682.57"
20-Sep-24,,,,155.42,"600,836.25",,,,"35,071.95"
21-Sep-24,,,,130.432,"701,130.47",,,,"28,783.27"
22-Sep-24,,,,128.649,"533,239.05",,,,"24,551.66"
23-Sep-24,,,,142.823,"417,652.09",,,,"26,596.56"
23-Sep-24,,,,110.074,"435,539.96",,,,"25,454.05"
25-Sep-24,,,,102.028,"480,450.53",,,,"29,570.06"
25-Sep-24,,,,190.032,"472,954.62",,,,"31,103.20"
26-Sep-24,,,,194.364,"517,649.60",,,,"23,426.52"
26-Sep-24,,,,87.626,"504,395.58",,,,"29,166.72"
27-Sep-24,,,,122.435,"370,596.10",,,,"29,382.49"
28-Sep-24,,,,157.083,"559,937.31",,,,"29,081.97"
28-Sep-24,,,,261.76,"554,609.54",,,,"29,600.62"
29-Sep-24,,,,88.532,"816,505.63",,,,"26,012.53"
29-Sep-24,,,,86.182,"495,373.22",,,,"28,099.69"
30-Sep-24,,,,106.138,"550,620.54",,,,"23,683.52"
30-Sep-24,,,,109.831,"510,748.33",,,,"23,679.90"
1-Oct-24,,,,91.693,"594,581.89",,,,"25,388.49"
1-Oct-24,,,,92.276,"586,560.82",,,,"25,388.49"
2-Oct-24,,,,98.08,"686,153.84",,,,"25,105.79"
2-Oct-24,,,,106.737,"655,338.28",,,,"27,416.29"
3-Oct-24,,,,98.89,"530,786.20",,,,"28,227.14"
4-Oct-24,,,,112.282,"547,177.61",,,,"26,534.40"
4-Oct-24,,,,98.692,"537,917.06",,,,"27,765.38"
5-Oct-24,,,,155.188,"551,774.78",,,,"25,388.77"
5-Oct-24,"123,199.81",,,103.845,"406,924.23",,,,"28,097.10"
5-Oct-24,,,,86.307,"556,864.80",,,,"27,674.02"
6-Oct-24,,,,95.419,"126,321.49",,,,"28,590.79"
6-Oct-24,,,,131.437,"123,159.23",,,,"28,575.65"
6-Oct-24,"122,753.43",,,103.578,"118,695.02",,,,"32,297.39"
7-Oct-24,"121,445.67",,,215.123,"130,559.05",,,,"25,974.35"
8-Oct-24,"121,856.97",,,226.559,"134,447.52",,,,"27,819.40"
9-Oct-24,"118,566.30",,,,"156,436.67",,,,"24,899.63"
9-Oct-24,"119,545.39",,,,"150,859.78",,,,"30,042.84"
9-Oct-24,,,,,"153,003.30",,,,"34,519.82"
10-Oct-24,"118,517.45",,,,"150,517.89",,,,"28,555.34"
10-Oct-24,"118,208.78",,,,"153,318.62",,,,"27,599.07"
11-Oct-24,"120,384.05",,,,"152,399.80",,,,"28,836.27"
11-Oct-24,,,,,"146,436.21",,,,"30,183.67"
12-Oct-24,,,,,"144,783.64",,,,"25,123.35"
12-Oct-24,,,,,"152,531.96",,,,"26,915.96"
12-Oct-24,"122,757.26",,,,"154,413.38",,,,"27,980.17"
13-Oct-24,"119,971.51",,,,"149,490.98",,,,"30,108.24"
14-Oct-24,"120,481.81",,,,"146,187.84",,,,"29,170.99"
14-Oct-24,,,,,"162,285.69",,,,"28,636.15"
15-Oct-24,"120,065.23",,,,"154,817.95",,,,"30,397.43"
15-Oct-24,"120,807.64",,,,"142,288.02",,,,"25,176.79"
15-Oct-24,,,,,"139,369.15",,,,"29,469.35"
16-Oct-24,,,,,"142,288.60",,,,"31,562.18"
16-Oct-24,"118,881.07",,,,"155,621.35",,,,"30,284.42"
17-Oct-24,"122,207.86",,,,"156,507.41",,,,"30,487.94"
18-Oct-24,"120,199.07",,,,"153,701.08",,,,"24,320.71"
19-Oct-24,"119,881.90",,,,"162,200.40",,,,"27,988.60"
20-Oct-24,,,,,"165,592.71",,,,"24,165.56"
20-Oct-24,"121,025.21",,,,"164,246.12",,,,"22,944.82"
20-Oct-24,"122,453.08",,,,"161,163.78",,,,"24,838.72"
21-Oct-24,,,,,"157,611.34",,,,"24,650.49"
21-Oct-24,"124,977.63",,,,"156,505.68",,,,"26,344.94"
22-Oct-24,"128,954.78",,,,"168,795.11",,,,"28,081.64"
23-Oct-24,"137,175.03",,,,"166,699.60",,,,"31,669.05"
23-Oct-24,,,,,"173,733.52",,,,"28,028.39"
24-Oct-24,,,,,"181,944.21",,,,"27,433.38"
24-Oct-24,"133,595.21",,,,"176,187.46",,,,"26,000.09"
25-Oct-24,"130,175.40",,,,"170,915.77",,,,"31,280.72"
25-Oct-24,"130,839.35",,,,"156,588.70",,,,"25,964.29"
26-Oct-24,,,,,"164,393.18",,,,"26,532.25"
26-Oct-24,,,,,"138,283.37",,,,"30,112.73"
26-Oct-24,"127,360.14",,,,"143,017.58",,,,"29,074.61"
27-Oct-24,,,,,"154,667.44",,,,"30,828.19"
27-Oct-24,"130,840.54",,,,"167,528.30",,,,"31,847.20"
28-Oct-24,"129,713.56",,,,"155,043.64",,,,"26,620.49"
29-Oct-24,"126,361.11",,,,"139,073.97",,,,"28,909.03"
30-Oct-24,"125,017.89",,,,"142,332.86",,,,"30,085.42"
30-Oct-24,,,,,"143,310.47",,,,"27,439.58"
31-Oct-24,"121,050.05",,,,"148,014.04",,,,"29,243.95"
31-Oct-24,"121,490.26",,,,"152,711.65",,,,"26,905.85"
1-Nov-24,,,,,"150,020.03",,,,"29,074.62"
1-Nov-24,"119,887.22",,,,"152,477.95",,,,"29,299.00"
2-Nov-24,"119,992.83",,,,"157,693.12",,,,"24,750.21"
3-Nov-24,"118,890.74",,,,"163,874.78",,,,"26,257.15"
4-Nov-24,"117,654.91",,,,"152,581.77",,,,"29,362.48"
4-Nov-24,,,,,"152,002.07",,,,"29,438.62"
5-Nov-24,,,,,"153,466.63",,,,"28,515.73"
5-Nov-24,"115,318.56",,,,"139,953.43",,,,"31,237.09"
5-Nov-24,"114,778.79",,,,"146,042.16",,,,
6-Nov-24,,,,,"149,445.46",,,,"34,207.09"
6-Nov-24,"116,623.32",,,,"143,382.03",,,,"33,610.46"
7-Nov-24,"121,782.17",,,,"146,544.67",,,,"28,032.93"
8-Nov-24,"126,764.39",,,,"142,545.37",,,,"29,996.74"
8-Nov-24,,,,,"151,452.14",,,,"25,309.90"
9-Nov-24,,,,,"143,928.11",,,,"30,607.24"
9-Nov-24,"123,350.62",,,,"142,134.97",,,,"24,652.89"
10-Nov-24,"121,803.49",,,,"139,866.46",,,,"27,057.07"
10-Nov-24,"121,242.82",,,,"141,251.75",,,,"29,903.69"
11-Nov-24,,,,,"147,406.43",,,,"27,135.94"
11-Nov-24,"119,503.60",,,,"151,237.37",,,,
11-Nov-24,,,,,"143,990.74",,,,"27,638.21"
13-Nov-24,"134,704.75",,,,"148,801.66",,,,
13-Nov-24,,,,,"149,651.07",,,,
14-Nov-24,,,,,"147,937.71",,,,
14-Nov-24,"133,485.86",,,,"147,184.13",,,,"24,212.87"
15-Nov-24,"131,421.04",,,,"136,902.82",,,,
15-Nov-24,,,,,"135,596.14",,,,"24,704.32"
16-Nov-24,"119,723.18",,,,"130,399.42",,,,
16-Nov-24,"119,197.29",,,,"135,249.69",,,,
16-Nov-24,,,,,"130,001.95",,,,"23,396.70"
17-Nov-24,"118,670.09",,,,"130,997.39",,,,"28,798.80"
17-Nov-24,,,,,"134,681.94",,,,"27,251.06"
18-Nov-24,,,,,"126,568.54",,,,"28,712.29"
18-Nov-24,"118,125.34",,,,"126,886.83",,,,
1-Dec-24,"135,052.89",,,,"137,232.37",,,,"32,126.74"
2-Dec-24,"136,947.55",,,,"122,423.78",,,,
2-Dec-24,"135,775.67",,,,"137,007.47",,,,"29,755.91"
3-Dec-24,,,,,"127,408.40",,,,"30,165.39"
3-Dec-24,"132,503.63",,,,"129,237.45",,,,"26,761.43"
4-Dec-24,,,,,"127,322.47",,,,
4-Dec-24,"129,682.80",,,,"150,284.11",,,,
5-Dec-24,"136,332.94",,,,"160,906.16",,,,"32,279.13"
6-Dec-24,"131,245.85",,,,"152,786.18",,,,"32,214.90"
6-Dec-24,,,,,"146,974.85",,,,
7-Dec-24,,,,,"144,547.39",,,,
7-Dec-24,"126,655.37",,,,"144,973.96",,,,
7-Dec-24,"126,607.92",,,,"139,699.21",,,,
8-Dec-24,,,,,"139,217.47",,,,"27,485.94"
8-Dec-24,"125,778.68",,,,"137,479.92",,,,"27,485.94"
8-Dec-24,,,,,"135,406.32",,,,"32,846.37"
9-Dec-24,,,,,"146,067.46",,,,
9-Dec-24,"138,733.55",,,,"137,923.15",,,,
10-Dec-24,"141,816.03",,,,"138,183.02",,,,
11-Dec-24,"138,424.52",,,,"142,239.61",,,,
12-Dec-24,"131,164.81",,,,"146,977.81",,,,"21,613.76"
12-Dec-24,,,,,"147,696.18",,,,
12-Dec-24,"130,811.43",,,,"138,960.32",,,,"24,482.87"
13-Dec-24,"128,247.47",,,,"132,579.58",,,,"29,879.51"
13-Dec-24,"127,857.18",,,,"131,559.22",,,,
14-Dec-24,,,,,"129,863.14",,,,"25,571.46"
14-Dec-24,"149,229.03",,,,"133,625.09",,,,
15-Dec-24,"129,950.08",,,,"133,614.89",,,,
15-Dec-24,,,,,"132,518.29",,,,"24,498.11"
16-Dec-24,,,,,"131,820.20",,,,"25,288.33"
16-Dec-24,,,,,"129,821.08",,,,"25,903.11"
17-Dec-24,,,,,"131,515.22",,,,
18-Dec-24,,,,,,,,,
18-Dec-24,,,,,,,,,"27,116.01"
19-Dec-24,,,,,,,,,"26,003.10"
19-Dec-24,,,,,,,,,"24,669.17"
20-Dec-24,,,,,,,,,"29,435.88"
20-Dec-24,,,,,,,,,
20-Dec-24,,,,,,,,,
21-Dec-24,,,,,,,,,
22-Dec-24,,,,,,,,,
23-Dec-24,,,,,,,,,"28,928.81"
23-Dec-24,,,,,,,,,
23-Dec-24,,,,,,,,,"29,472.61"
24-Dec-24,,,,,,,,,"32,662.34"
24-Dec-24,,,,,,,,,
25-Dec-24,,,,,,,,,
25-Dec-24,,,,,,,,,
26-Dec-24,,,,,,,,,"25,812.31"
27-Dec-24,,,,,,,,,45448.69
28-Dec-24,,,,,,,,,"25,812.31"
28-Dec-24,,,,,,,,,
,,,,,,,,,
,,,,,,,,,
,,,,,,,,,
,,,,,,,,,
,,,,,,,,,
,,,,,,,,,
,,,,,,,,,
,,,,,,,,,
,,,,,,,,,
,,,,,,,,,
,,,,,,,,,
,,,,,,,,,
,,,,,,,,,
,,,,,,,,,
,,,,,,,,,
,,,,,,,,,
,,,,,,,,,
,,,,,,,,,
,,,,,,,,,
,,,,,,,,,
,,,,,,,,,
,,,,,,,,,
,,,,,,,,,
,,,,,,,,,
,,,,,,,,,
,,,,,,,,,
,,,,,,,,,
,,,,,,,,,
,,,,,,,,,
,,,,,,,,,
,,,,,,,,,
,,,,,,,,,
,,,,,,,,,
,,,,,,,,,
,,,,,,,,,
,,,,,,,,,
,,,,,,,,,
,,,,,,,,,
,,,,,,,,,
,,,,,,,,,
,,,,,,,,,
,,,,,,,,,
,,,,,,,,,
,,,,,,,,,
,,,,,,,,,
,,,,,,,,,
,,,,,,,,,
,,,,,,,,,
,,,,,,,,,
,,,,,,,,,
,,,,,,,,,
,,,,,,,,,
,,,,,,,,,
,,,,,,,,,
,,,,,,,,,
,,,,,,,,,
,,,,,,,,,
,,,,,,,,,
,,,,,,,,,
,,,,,,,,,
,,,,,,,,,
,,,,,,,,,
,,,,,,,,,
,,,,,,,,,
,,,,,,,,,
,,,,,,,,,
,,,,,,,,,
,,,,,,,,,
,,,,,,,,,
,,,,,,,,,
,,,,,,,,,
,,,,,,,,,
,,,,,,,,,
,,,,,,,,,
,,,,,,,,,
,,,,,,,,,
,,,,,,,,,
,,,,,,,,,
,,,,,,,,,
,,,,,,,,,
,,,,,,,,,
,,,,,,,,,
,,,,,,,,,
,,,,,,,,,
,,,,,,,,,
,,,,,,,,,
,,,,,,,,,
,,,,,,,,,
,,,,,,,,,
,,,,,,,,,
,,,,,,,,,
,,,,,,,,,
,,,,,,,,,
,,,,,,,,,
,,,,,,,,,
,,,,,,,,,
,,,,,,,,,
,,,,,,,,,
,,,,,,,,,
,,,,,,,,,
,,,,,,,,,
,,,,,,,,,
,,,,,,,,,
,,,,,,,,,
,,,,,,,,,
,,,,,,,,,
,,,,,,,,,
,,,,,,,,,
,,,,,,,,,
,,,,,,,,,
,,,,,,,,,
,,,,,,,,,
,,,,,,,,,
,,,,,,,,,
,,,,,,,,,
,,,,,,,,,
,,,,,,,,,
,,,,,,,,,
,,,,,,,,,
,,,,,,,,,
,,,,,,,,,
,,,,,,,,,
,,,,,,,,,
,,,,,,,,,
,,,,,,,,,
,,,,,,,,,
,,,,,,,,,
,,,,,,,,,
,,,,,,,,,
,,,,,,,,,
,,,,,,,,,
,,,,,,,,,
,,,,,,,,,
,,,,,,,,,
,,,,,,,,,
,,,,,,,,,
,,,,,,,,,
,,,,,,,,,
,,,,,,,,,
,,,,,,,,,
,,,,,,,,,
,,,,,,,,,
,,,,,,,,,
,,,,,,,,,
,,,,,,,,,
,,,,,,,,,
,,,,,,,,,
,,,,,,,,,
,,,,,,,,,
,,,,,,,,,
,,,,,,,,,
,,,,,,,,,
,,,,,,,,,
,,,,,,,,,
,,,,,,,,,
,,,,,,,,,
,,,,,,,,,
,,,,,,,,,
,,,,,,,,,
,,,,,,,,,
,,,,,,,,,
,,,,,,,,,
,,,,,,,,,
,,,,,,,,,
,,,,,,,,,
,,,,,,,,,
,,,,,,,,,
,,,,,,,,,
,,,,,,,,,
,,,,,,,,,
,,,,,,,,,
,,,,,,,,,
,,,,,,,,,
,,,,,,,,,
,,,,,,,,,
,,,,,,,,,
,,,,,,,,,
,,,,,,,,,
,,,,,,,,,
,,,,,,,,,
,,,,,,,,,
,,,,,,,,,
,,,,,,,,,
,,,,,,,,,
,,,,,,,,,
,,,,,,,,,
,,,,,,,,,
,,,,,,,,,
,,,,,,,,,
,,,,,,,,,
,,,,,,,,,
,,,,,,,,,
,,,,,,,,,
,,,,,,,,,
,,,,,,,,,
,,,,,,,,,
,,,,,,,,,
,,,,,,,,,
,,,,,,,,,
,,,,,,,,,
,,,,,,,,,
,,,,,,,,,
,,,,,,,,,
,,,,,,,,,
,,,,,,,,,
,,,,,,,,,
,,,,,,,,,
,,,,,,,,,
,,,,,,,,,
,,,,,,,,,
,,,,,,,,,
,,,,,,,,,
,,,,,,,,,
,,,,,,,,,
,,,,,,,,,
,,,,,,,,,
,,,,,,,,,
,,,,,,,,,
,,,,,,,,,
,,,,,,,,,
,,,,,,,,,
,,,,,,,,,
,,,,,,,,,
,,,,,,,,,
,,,,,,,,,
,,,,,,,,,
,,,,,,,,,
,,,,,,,,,
,,,,,,,,,
,,,,,,,,,
,,,,,,,,,
,,,,,,,,,
,,,,,,,,,
,,,,,,,,,
,,,,,,,,,
,,,,,,,,,
,,,,,,,,,
,,,,,,,,,
,,,,,,,,,
,,,,,,,,,
,,,,,,,,,
,,,,,,,,,
,,,,,,,,,
,,,,,,,,,
,,,,,,,,,
,,,,,,,,,
,,,,,,,,,
,,,,,,,,,
,,,,,,,,,
,,,,,,,,,
,,,,,,,,,
,,,,,,,,,
,,,,,,,,,
,,,,,,,,,
,,,,,,,,,
,,,,,,,,,
,,,,,,,,,
,,,,,,,,,
,,,,,,,,,
,,,,,,,,,
,,,,,,,,,
,,,,,,,,,
,,,,,,,,,
,,,,,,,,,
,,,,,,,,,
,,,,,,,,,
,,,,,,,,,
,,,,,,,,,
,,,,,,,,,
,,,,,,,,,
,,,,,"833,510.89",,,,
,,,,,,,,,
,,,,,,,,,
,,,,,,,,,
,,,,,,,,,
,,,,,,,,,
,,,,,,,,,
,,,,,,,,,
,,,,,,,,,
,,,,,"565,217.07",,,,
,,,,,,,,,
,,,,,,,,,
,,,,,,,,,
,,,,,,,,,
,,,,,,,,,
,,,,,,,,,
,,,,,,,,,
,,,,,,,,,
,,,,,,,,,
,,,,,,,,,
,,,,,,,,,
,,,,,,,,,
,,,,,,,,,
,,,,,,,,,
,,,,,,,,,
,,,,,"696,581.20",,,,
,,,,,,,,,
,,,,,,,,,
,,,,,,,,,
,,,,,,,,,
,,,,,,,,,
,,,,,,,,,
,,,,,,,,,
,,,,,"671,489.11",,,,
,,,,,"626,098.38",,,,
,,,,,,,,,
,,,,,,,,,
,,,,,,,,,
,,,,,,,,,
,,,,,,,,,
,,,,,,,,,
,,,,,,,,,
,,,,,"1,131,916.42",,,,
,,,,,,,,,
,,,,,,,,,
,,,,,,,,,
,,,,,,,,,
,,,,,,,,,
,,,,,,,,,
,,,,,,,,,
,,,,,"554,863.73",,,,
,,,,,,,,,
,,,,,,,,,
,,,,,,,,,
,,,,,,,,,
,,,,,,,,,
,,,,,,,,,
,,,,,,,,,
,,,,,"486,054.49",,,,
,,,,,,,,,
,,,,,,,,,
,,,,,,,,,
,,,,,,,,,
,,,,,,,,,
,,,,,,,,,
,,,,,,,,,
,,,,,"605,480.88",,,,
,,,,,,,,,
,,,,,,,,,
,,,,,,,,,
,,,,,,,,,
,,,,,,,,,
,,,,,,,,,
,,,,,,,,,
,,,,,,,,,
,,,,,,,,,
,,,,,,,,,
,,,,,,,,,
,,,,,,,,,
,,,,,,,,,
,,,,,,,,,
,,,,,,,,,
,,,,,,,,,
,,,,,"542,994.72",,,,
,,,,,,,,,
,,,,,,,,,
,,,,,,,,,
,,,,,,,,,
,,,,,,,,,
,,,,,,,,,
,,,,,,,,,
,,,,,"596,633.47",,,,
,,,,,,,,,
,,,,,,,,,
,,,,,,,,,
,,,,,,,,,
,,,,,,,,,
,,,,,,,,,
,,,,,,,,,
,,,,,"826,778.94",,,,
,,,,,,,,,
,,,,,,,,,
,,,,,,,,,
,,,,,,,,,
,,,,,,,,,
,,,,,,,,,
,,,,,,,,,
,,,,,"638,299.30",,,,
,,,,,,,,,
,,,,,,,,,
,,,,,,,,,
,,,,,,,,,
,,,,,,,,,
,,,,,,,,,
,,,,,,,,,
,,,,,,,,,
,,,,,"533,712.34",,,,
,,,,,"388,403.16",,,,
,,,,,,,,,
,,,,,,,,,
,,,,,,,,,
,,,,,,,,,
,,,,,,,,,
,,,,,,,,,
,,,,,"567,270.06",,,,
,,,,,"592,724.89",,,,
,,,,,,,,,
,,,,,,,,,
,,,,,,,,,
,,,,,,,,,
,,,,,,,,,
,,,,,,,,,
,,,,,,,,,
,,,,,,,,,
,,,,,"870,989.78",,,,
,,,,,,,,,
,,,,,,,,,
,,,,,,,,,
,,,,,,,,,
,,,,,,,,,
,,,,,,,,,
,,,,,,,,,
,,,,,,,,,
,,,,,,,,,
,,,,,,,,,
,,,,,,,,,
,,,,,,,,,
,,,,,,,,,
,,,,,,,,,
,,,,,,,,,
,,,,,,,,,
,,,,,,,,,
,,,,,"632,572.41",,,,
,,,,,,,,,
,,,,,,,,,
,,,,,,,,,
,,,,,,,,,
,,,,,,,,,
,,,,,,,,,
,,,,,,,,,
,,,,,,,,,
,,,,,"593,562.12",,,,
,,,,,,,,,
,,,,,,,,,
,,,,,,,,,
,,,,,,,,,
,,,,,,,,,
,,,,,,,,,
,,,,,,,,,
,,,,,,,,,
,,,,,"496,733.98",,,,
,,,,,"871,168.25",,,,
,,,,,,,,,
,,,,,,,,,
,,,,,,,,,
,,,,,,,,,
,,,,,,,,,
,,,,,,,,,
,,,,,,,,,
,,,,,,,,,
,,,,,"948,900.41",,,,
,,,,,,,,,
,,,,,,,,,
,,,,,,,,,
,,,,,,,,,
,,,,,,,,,
,,,,,,,,,
,,,,,,,,,
,,,,,,,,,
,,,,,"892,362.10",,,,
,,,,,,,,,
,,,,,,,,,
,,,,,,,,,
,,,,,,,,,
,,,,,,,,,
,,,,,,,,,
,,,,,,,,,
,,,,,,,,,
,,,,,,,,,
,,,,,"525,350.73",,,,
,,,,,,,,,
,,,,,,,,,
,,,,,,,,,
,,,,,,,,,
,,,,,,,,,
,,,,,,,,,
,,,,,,,,,
,,,,,,,,,
,,,,,,,,,
,,,,,"610,007.77",,,,
,,,,,,,,,
,,,,,,,,,
,,,,,,,,,
,,,,,,,,,
,,,,,,,,,
,,,,,,,,,
,,,,,,,,,
,,,,,,,,,
,,,,,"546,618.50",,,,
,,,,,"470,000.08",,,,
,,,,,,,,,
,,,,,,,,,
,,,,,,,,,
,,,,,,,,,
,,,,,,,,,
,,,,,,,,,
,,,,,,,,,
,,,,,,,,,
,,,,,"570,244.68",,,,
,,,,,,,,,
,,,,,,,,,
,,,,,,,,,
,,,,,,,,,
,,,,,,,,,
,,,,,,,,,
,,,,,,,,,
,,,,,,,,,
,,,,,"597,159.88",,,,
,,,,,,,,,
,,,,,,,,,
,,,,,,,,,
,,,,,,,,,
,,,,,,,,,
,,,,,,,,,
,,,,,,,,,
,,,,,,,,,
,,,,,"602,435.62",,,,
,,,,,,,,,
,,,,,,,,,
,,,,,,,,,
,,,,,,,,,
,,,,,,,,,
,,,,,,,,,
,,,,,,,,,
,,,,,,,,,
,,,,,,,,,
,,,,,"567,832.41",,,,
,,,,,,,,,
,,,,,,,,,
,,,,,,,,,
,,,,,,,,,
,,,,,,,,,
,,,,,,,,,
,,,,,,,,,
,,,,,,,,,
,,,,,"509,310.17",,,,
,,,,,"404,876.45",,,,
,,,,,,,,,
,,,,,,,,,
,,,,,,,,,
,,,,,,,,,
,,,,,,,,,
,,,,80.804,,,,,
,,,,,,,,,
,,,,,,,,,
,,,,,"573,223.27",,,,
,,,,,,,,,
,,,,,,,,,
,,,,,,,,,
,,,,,,,,,
,,,,,,,,,
,,,,,,,,,
,,,,,,,,,
,,,,,,,,,
,,,,,"661,168.10",,,,
,,,,,,,,,
,,,,87.588,,,,,
,,,,,,,,,
,,,,,,,,,
,,,,,,,,,
,,,,,,,,,
,,,,,,,,,
,,,,,,,,,
,,,,,"746,114.62",,,,
,,,,,,,,,
,,,,,,,,,
,,,,,,,,,
,,,,,,,,,
,,,,,,,,,
,,,,,,,,,
,,,,50.846,,,,,
,,,,,,,,,
,,,,,"724,278.30",,,,
,,,,,,,,,
,,,,,,,,,
,,,,,,,,,
,,,,,,,,,
,,,,,,,,,
,,,,,,,,,
,,,,,,,,,
,,,,,,,,,
,,,,,,,,,
,,,,,"698,711.98",,,,
,,,,,,,,,
,,,,74.48,,,,,
,,,,,,,,,
,,,,,,,,,
,,,,,,,,,
,,,,,,,,,
,,,,,,,,,
,,,,,,,,,
,,,,,"592,207.97",,,,
,,,,,"968,284.90",,,,
,,,,,,,,,
,,,,,,,,,
,,,,,,,,,
,,,,,,,,,
,,,,,,,,,
,,,,83.778,,,,,
,,,,90.059,,,,,
,,,,,,,,,
,,,,,,,,,
,,,,,"731,806.38",,,,
,,,,,,,,,
,,,,,,,,,
,,,,,,,,,
,,,,,,,,,
,,,,,,,,,
,,,,,,,,,
,,,,,,,,,
,,,,,"733,426.53",,,,
,,,,,,,,,
,,,,,,,,,
,,,,83.62,,,,,
,,,,,,,,,
,,,,,,,,,
,,,,,,,,,
,,,,,,,,,
,,,,,,,,,
,,,,,"672,326.54",,,,
,,,,,,,,,
,,,,,,,,,
,,,,,,,,,
,,,,,,,,,
,,,,,,,,,
,,,,,,,,,
,,,,,,,,,
,,,,188.97,,,,,
,,,,,,,,,
,,,,,"695,120.33",,,,
,,,,,,,,,
,,,,,,,,,
,,,,,,,,,
,,,,,,,,,
,,,,,,,,,
,,,,,,,,,
,,,,,,,,,
,,,,,,,,,
,,,,,,,,,
,,,,,"601,444.25",,,,
,,,,116.754,,,,,
,,,,,,,,,
,,,,,,,,,
,,,,,,,,,
,,,,,,,,,
,,,,,,,,,
,,,,,,,,,
,,,,,,,,,
,,,,,,,,,
,,,,,"780,201.59",,,,
,,,,,,,,,
,,,,,,,,,
,,,,,,,,,
,,,,,,,,,
,,,,,,,,,
,,,,,,,,,
,,,,,,,,,
,,,,,,,,,
,,,,,"1,114,047.95",,,,
,,,,,,,,,
,,,,,,,,,
,,,,,,,,,
,,,,,,,,,
,,,,,,,,,
,,,,,,,,,
,,,,,,,,,
,,,,,,,,,
,,,,,"765,215.91",,,,
,,,,,,,,,
,,,,,,,,,
,,,,,,,,,
,,,,,,,,,
,,,,,,,,,
,,,,,,,,,
,,,,,,,,,
,,,,,,,,,
,,,,,,,,,
,,,,,"664,064.06",,,,
,,,,,,,,,
,,,,,,,,,
,,,,,,,,,
,,,,,,,,,
,,,,,,,,,
,,,,,,,,,
,,,,,,,,,
,,,,,,,,,
,,,,,"655,563.46",,,,
,,,,,,,,,
,,,,,,,,,
,,,,,,,,,
,,,,,,,,,
,,,,,,,,,
,,,,,,,,,
,,,,,,,,,
,,,,,,,,,
,,,,,"539,395.48",,,,
,,,,,"570,260.84",,,,
,,,,,,,,,
,,,,,,,,,
,,,,,,,,,
,,,,,,,,,
,,,,,,,,,
,,,,,,,,,
,,,,,,,,,
,,,,,,,,,
,,,,,"718,894.52",,,,
,,,,,,,,,
,,,,,,,,,
,,,,,,,,,
,,,,,,,,,
,,,,,,,,,
,,,,,,,,,
,,,,,,,,,
,,,,,,,,,
,,,,,"744,095.48",,,,
,,,,,,,,,
,,,,,,,,,
,,,,,,,,,
,,,,,,,,,
,,,,,,,,,
,,,,,,,,,
,,,,,,,,,
,,,,,,,,,
,,,,,,,,,
,,,,,,,,,
,,,,,,,,,
,,,,,,,,,
,,,,,,,,,
,,,,,,,,,
,,,,,,,,,
,,,,,,,,,
,,,,,,,,,
,,,,,,,,,
,,,,,,,,,
,,,,,,,,,
,,,,,,,,,
,,,,,,,,,
,,,,,,,,,
,,,,,,,,,
,,,,,,,,,
,,,,,,,,,
,,,,,,,,,
,,,,,"658,431.85",,,,
,,,,,"623,822.79",,,,
,,,,,,,,,
,,,,,,,,,
,,,,,,,,,
,,,,,,,,,
,,,,,,,,,
,,,,,,,,,
,,,,,,,,,
,,,,,,,,,
,,,,,"567,917.80",,,,
,,,,,,,,,
,,,,,,,,,
,,,,,,,,,
,,,,,,,,,
,,,,,,,,,
,,,,,,,,,
,,,,,,,,,
,,,,,,,,,
,,,,,"606,856.86",,,,
,,,,,,,,,
,,,,,,,,,
,,,,,,,,,
,,,,,,,,,
,,,,,,,,,
,,,,,,,,,
,,,,,,,,,
,,,,,,,,,
,,,,,,,,,
,,,,,"727,496.04",,,,
,,,,,"602,435.62",,,,
,,,,,,,,,
,,,,,,,,,
,,,,,,,,,
,,,,,,,,,
,,,,,,,,,
,,,,,,,,,
,,,,,,,,,
,,,,,,,,,
,,,,,,,,,
,,,,,"567,832.41",,,,
,,,,,,,,,
,,,,,,,,,
,,,,,,,,,
,,,,,,,,,
,,,,,,,,,
,,,,,,,,,
,,,,,,,,,
,,,,,,,,,
,,,,,"509,310.17",,,,
,,,,,"404,876.45",,,,
,,,,,,,,,
,,,,,,,,,
,,,,,,,,,
,,,,,,,,,
,,,,,,,,,
,,,,,,,,,
,,,,,,,,,
,,,,,,,,,
,,,,,"573,223.27",,,,
,,,,,,,,,
,,,,,,,,,
,,,,,,,,,
,,,,,,,,,
,,,,,,,,,
,,,,,,,,,
,,,,,,,,,
,,,,,,,,,
,,,,,"661,168.10",,,,
,,,,,,,,,
,,,,,,,,,
,,,,,,,,,
,,,,,,,,,
,,,,,,,,,
,,,,,,,,,
,,,,,,,,,
,,,,,,,,,
,,,,,"746,114.62",,,,
,,,,,,,,,
,,,,,,,,,
,,,,,,,,,
,,,,,,,,,
,,,,,,,,,
,,,,,,,,,
,,,,,,,,,
,,,,,,,,,
,,,,,"724,278.30",,,,
,,,,,,,,,
,,,,,,,,,
,,,,,,,,,
,,,,,,,,,
,,,,,,,,,
,,,,,,,,,
,,,,,,,,,
,,,,,,,,,
,,,,,,,,,
,,,,,"698,711.98",,,,
,,,,,,,,,
,,,,,,,,,
,,,,,,,,,
,,,,,,,,,
,,,,,,,,,
,,,,,,,,,
,,,,,,,,,
,,,,,,,,,
,,,,,"592,207.97",,,,
,,,,,"968,284.90",,,,
,,,,,,,,,
,,,,,,,,,
,,,,,,,,,
,,,,,,,,,
,,,,,,,,,
,,,,,,,,,
,,,,,,,,,
,,,,,,,,,
,,,,,,,,,
,,,,,"731,806.38",,,,
,,,,,,,,,
,,,,,,,,,
,,,,,,,,,
,,,,,,,,,
,,,,,,,,,
,,,,,,,,,
,,,,,,,,,
,,,,,"733,426.53",,,,
,,,,,,,,,
,,,,,,,,,
,,,,,,,,,
,,,,,,,,,
,,,,,,,,,
,,,,,,,,,
,,,,,,,,,
,,,,,,,,,
,,,,,"672,326.54",,,,
,,,,,,,,,
,,,,,,,,,
,,,,,,,,,
,,,,,,,,,
,,,,,,,,,
,,,,,,,,,
,,,,,,,,,
,,,,,,,,,
,,,,,,,,,
,,,,,"695,120.33",,,,
,,,,,,,,,
,,,,,,,,,
,,,,,,,,,
,,,,,,,,,
,,,,,,,,,
,,,,,,,,,
,,,,,,,,,
,,,,,,,,,
,,,,,,,,,
,,,,,"601,444.25",,,,
,,,,,,,,,
,,,,,,,,,
,,,,,,,,,
,,,,,,,,,
,,,,,,,,,
,,,,,,,,,
,,,,,,,,,
,,,,,,,,,
,,,,,,,,,
,,,,,"780,201.59",,,,
,,,,,,,,,
,,,,,,,,,
,,,,,,,,,
,,,,,,,,,
,,,,,,,,,
,,,,,,,,,
,,,,,,,,,
,,,,,,,,,
,,,,,"1,114,047.95",,,,
,,,,,,,,,
,,,,,,,,,
,,,,,,,,,
,,,,,,,,,
,,,,,,,,,
,,,,,,,,,
,,,,,,,,,
,,,,,,,,,
,,,,,"765,215.91",,,,
,,,,,,,,,
,,,,,,,,,
,,,,,,,,,
,,,,,,,,,
,,,,,,,,,
,,,,,,,,,
,,,,,,,,,
,,,,,,,,,
,,,,,,,,,
,,,,,"664,064.06",,,,
,,,,,,,,,
,,,,,,,,,
,,,,,,,,,
,,,,,,,,,
,,,,,,,,,
,,,,,,,,,
,,,,,,,,,
,,,,,,,,,
,,,,,"655,563.46",,,,
,,,,,,,,,
,,,,,,,,,
,,,,,,,,,
,,,,,,,,,
,,,,,,,,,
,,,,,,,,,
,,,,,,,,,
,,,,,,,,,
,,,,,"539,395.48",,,,
,,,,,"570,260.84",,,,
,,,,,,,,,
,,,,,,,,,
,,,,,,,,,
,,,,,,,,,
,,,,,,,,,
,,,,,,,,,
,,,,,,,,,
,,,,,,,,,
,,,,,"718,894.52",,,,
,,,,,,,,,
,,,,,,,,,
,,,,,,,,,
,,,,,,,,,
,,,,,,,,,
,,,,,,,,,
,,,,,,,,,
,,,,,,,,,
,,,,,"744,095.48",,,,
,,,,,,,,,
,,,,,,,,,
,,,,,,,,,
,,,,,,,,,
,,,,,,,,,
,,,,,,,,,
,,,,,,,,,
,,,,,,,,,
,,,,,,,,,
,,,,,,,,,
,,,,,,,,,
,,,,,,,,,
,,,,,,,,,
,,,,,,,,,
,,,,,,,,,
,,,,,,,,,
,,,,,,,,,
,,,,,,,,,
,,,,,,,,,
,,,,,,,,,
,,,,,,,,,
,,,,,,,,,
,,,,,,,,,
,,,,,,,,,
,,,,,,,,,
,,,,,,,,,
,,,,,,,,,
,,,,,"658,431.85",,,,
,,,,,"623,822.79",,,,
,,,,,,,,,
,,,,,,,,,
,,,,,,,,,
,,,,,,,,,
,,,,,,,,,
,,,,,,,,,
,,,,,,,,,
,,,,,,,,,
,,,,,"567,917.80",,,,
,,,,,,,,,
,,,,,,,,,
,,,,,,,,,
,,,,,,,,,
,,,,,,,,,
,,,,,,,,,
,,,,,,,,,
,,,,,,,,,
,,,,,"606,856.86",,,,
,,,,,,,,,
,,,,,,,,,
,,,,,,,,,
,,,,,,,,,
,,,,,,,,,
,,,,,,,,,
,,,,,,,,,
,,,,,,,,,
,,,,,,,,,
,,,,,"727,496.04",,,,
,,,,,,,,,
,,,,,,,,,
,,,,,,,,,
,,,,,,,,,
,,,,,,,,,
,,,,,,,,,
,,,,,,,,,
,,,,,,,,,
,,,,,,,,,
,,,,,"645,529.76",,,,
,,,,,,,,,
,,,,,,,,,
,,,,,,,,,
,,,,,,,,,
,,,,,,,,,
,,,,,,,,,
,,,,,,,,,
,,,,,,,,,
,,,,,"589,530.12",,,,
,,,,,"529,961.26",,,,
,,,,,,,,,
,,,,,,,,,
,,,,,,,,,
,,,,,,,,,
,,,,,,,,,
,,,,,,,,,
,,,,,,,,,
,,,,,,,,,
,,,,,"608,680.53",,,,
,,,,,,,,,
,,,,,,,,,
,,,,,,,,,
,,,,,,,,,
,,,,,,,,,
,,,,,,,,,
,,,,,,,,,
,,,,,,,,,
,,,,,"625,941.96",,,,
,,,,,,,,,
,,,,,,,,,
,,,,,,,,,
,,,,,,,,,
,,,,,,,,,
,,,,,,,,,
,,,,,,,,,
,,,,,,,,,
,,,,,,,,,
,,,,,"644,396.19",,,,
,,,,,,,,,
,,,,,,,,,
,,,,,,,,,
,,,,,,,,,
,,,,,,,,,
,,,,,,,,,
,,,,,,,,,
,,,,,,,,,
,,,,,,,,,
,,,,,"607,353.80",,,,
,,,,,,,,,
,,,,,,,,,
,,,,,,,,,
,,,,,,,,,
,,,,,,,,,
,,,,,,,,,
,,,,,,,,,
,,,,,,,,,
,,,,,"584,838.59",,,,
,,,,,"455,314.61",,,,
,,,,,,,,,
,,,,,,,,,
,,,,,,,,,
,,,,,,,,,
,,,,,,,,,
,,,,,,,,,
,,,,,,,,,
,,,,,"560,968.06",,,,
,,,,,"670,446.50",,,,
,,,,,,,,,
,,,,,,,,,
,,,,,,,,,
,,,,,,,,,
,,,,,,,,,
,,,,,,,,,
,,,,,,,,,
,,,,,,,,,
,,,,,"1,059,405.42",,,,
,,,,,,,,,
,,,,,,,,,
,,,,,,,,,
,,,,,,,,,
,,,,,,,,,
,,,,,,,,,
,,,,,,,,,
,,,,,,,,,
,,,,,"772,629.65",,,,
,,,,,,,,,
,,,,,,,,,
,,,,,,,,,
,,,,,,,,,
,,,,,,,,,
,,,,,,,,,
,,,,,,,,,
,,,,,,,,,
,,,,,,,,,
,,,,,"670,535.59",,,,
,,,,,,,,,
,,,,,,,,,
,,,,,,,,,
,,,,,,,,,
,,,,,,,,,
,,,,,,,,,
,,,,,,,,,
,,,,,,,,,
,,,,,"675,793.96",,,,
,,,,,,,,,
,,,,,,,,,
,,,,,,,,,
,,,,,,,,,
,,,,,,,,,
,,,,,,,,,
,,,,,,,,,
,,,,,"606,374.01",,,,
,,,,,"586,951.27",,,,
,,,,,,,,,
,,,,,,,,,
,,,,,,,,,
,,,,,,,,,
,,,,,,,,,
,,,,,,,,,
,,,,,,,,,
,,,,,,,,,
,,,,,"648,030.68",,,,
,,,,,,,,,
,,,,,,,,,
,,,,,,,,,
,,,,,,,,,
,,,,,,,,,
,,,,,,,,,
,,,,,,,,,
,,,,,,,,,
,,,,,"679,379.62",,,,
,,,,,,,,,
,,,,,,,,,
,,,,,,,,,
,,,,,,,,,
,,,,,,,,,
,,,,,,,,,
,,,,,,,,,
,,,,,,,,,
,,,,,,,,,
,,,,,"658,941.51",,,,
,,,,97.619,,,,,
,,,,96.125,,,,,
,,,,,,,,,
,,,,,,,,,
,,,,,,,,,
,,,,,,,,,
,,,,,,,,,
,,,,,,,,,
,,,,,"633,076.04",,,,
,,,,,,,,,
,,,,,,,,,
,,,,,,,,,
,,,,,,,,,
,,,,,,,,,
,,,,,,,,,
,,,,103.169,,,,,
,,,,,"647,494.23",,,,
,,,,,"570,470.44",,,,
,,,,,,,,,
,,,,,,,,,
,,,,,,,,,
,,,,,,,,,
,,,,,,,,,
,,,,,,,,,
,,,,,,,,,
,,,,,"615,418.51",,,,
,,,,,,,,,
,,,,,,,,,
,,,,,,,,,
,,,,106.212,,,,,
,,,,,,,,,
,,,,,,,,,
,,,,,,,,,
,,,,,,,,,
,,,,,"633,225.91",,,,
,,,,,,,,,
,,,,,,,,,
,,,,,,,,,
,,,,,,,,,
,,,,,,,,,
,,,,,,,,,
,,,,,,,,,
,,,,,,,,,
,,,,98.286,"663,897.57",,,,
,,,,,,,,,
,,,,,,,,,
,,,,,,,,,
,,,,,,,,,
,,,,,,,,,
,,,,,,,,,
,,,,,,,,,
,,,,,,,,,
,,,,,"671,405.19",,,,
,,,,,,,,,
,,,,,,,,,
,,,,,,,,,
,,,,,,,,,
,,,,62.204,,,,,
,,,,,,,,,
,,,,,,,,,
,,,,,"648,768.85",,,,
,,,,,"504,149.25",,,,
,,,,,,,,,
,,,,,,,,,
,,,,,,,,,
,,,,,,,,,
,,,,,,,,,
,,,,,,,,,
,,,,,"592,642.82",,,,
,,,,,"650,411.01",,,,
,,,,,,,,,
,,,,47.446,,,,,
,,,,,,,,,
,,,,,,,,,
,,,,,,,,,
,,,,,,,,,
,,,,,,,,,
,,,,,,,,,
,,,,,"658,237.91",,,,
,,,,,,,,,
,,,,,,,,,
,,,,,,,,,
,,,,,,,,,
,,,,,,,,,
,,,,,,,,,
,,,,96.202,,,,,
,,,,134.797,,,,,
,,,,,"711,265.90",,,,
,,,,,,,,,
,,,,,,,,,
,,,,,,,,,
,,,,,,,,,
,,,,,,,,,
,,,,,,,,,
,,,,,,,,,
,,,,,"705,986.01",,,,
,,,,,,,,,
,,,,,,,,,
,,,,,,,,,
,,,,,,,,,
,,,,198.717,,,,,
,,,,,,,,,
,,,,,,,,,
,,,,,"695,812.48",,,,
,,,,,,,,,
,,,,,,,,,
,,,,,,,,,
,,,,,,,,,
,,,,,,,,,
,,,,,,,,,
,,,,,,,,,
,,,,,"552,728.35",,,,
,,,,,"522,187.44",,,,
,,,,,,,,,
,,,,170.979,,,,,
,,,,,,,,,
,,,,,,,,,
,,,,,,,,,
,,,,,,,,,
,,,,,,,,,
,,,,,,,,,
,,,,,"625,413.07",,,,
,,,,,,,,,
,,,,,,,,,
,,,,,,,,,
,,,,,,,,,
,,,,,,,,,
,,,,,,,,,
,,,,92.922,,,,,
,,,,,"626,800.82",,,,
,,,,,,,,,
,,,,,,,,,
,,,,,,,,,
,,,,,,,,,
,,,,,,,,,
,,,,,,,,,
,,,,,,,,,
,,,,,,,,,
,,,,,,,,,
,,,,,,,,,
,,,,,,,,,
,,,,,,,,,
,,,,125.571,,,,,
,,,,,,,,,
,,,,,"727,025.22",,,,
,,,,,,,,,
,,,,,,,,,
,,,,,,,,,
,,,,,,,,,
,,,,,,,,,
,,,,,,,,,
,,,,,,,,,
,,,,,"632,922.46",,,,
,,,,,"577,518.65",,,,
,,,,,,,,,
,,,,,,,,,
,,,,107.208,,,,,
,,,,149.594,,,,,
,,,,,,,,,
,,,,,,,,,
,,,,,,,,,
,,,,,,,,,
,,,,,"621,896.68",,,,
,,,,,,,,,
,,,,,,,,,
,,,,,,,,,
,,,,,,,,,
,,,,,,,,,
,,,,,,,,,
,,,,,,,,,
,,,,,,,,,
,,,,111.441,"603,071.80",,,,
,,,,,,,,,
,,,,,,,,,
,,,,,,,,,
,,,,,,,,,
,,,,,,,,,
,,,,,,,,,
,,,,,,,,,
,,,,,,,,,
,,,,,"570,037.28",,,,
,,,,,,,,,
,,,,,,,,,
,,,,,,,,,
,,,,,,,,,
,,,,213.294,,,,,
,,,,,,,,,
,,,,,,,,,
,,,,,"639,343.31",,,,
,,,,,,,,,
,,,,,,,,,
,,,,,,,,,
,,,,,,,,,
,,,,,,,,,
,,,,,,,,,
,,,,,,,,,
,,,,,"599,483.05",,,,
,,,,,,,,,
,,,,,,,,,
,,,,194.196,,,,,
,,,,,,,,,
,,,,,,,,,
,,,,,,,,,
,,,,,"506,300.28",,,,
,,,,,"617,816.63",,,,
,,,,,,,,,
,,,,,,,,,
,,,,,,,,,
,,,,,,,,,
,,,,,,,,,
,,,,,,,,,
,,,,,,,,,
,,,,,"725,971.19",,,,
,,,,116.929,,,,,
,,,,,,,,,
,,,,,,,,,
,,,,,,,,,
,,,,,,,,,
,,,,,,,,,
,,,,,,,,,
,,,,,,,,,
,,,,,"656,689.49",,,,
,,,,,,,,,
,,,,,,,,,
,,,,,,,,,
,,,,,,,,,
,,,,,,,,,
,,,,95.35,,,,,
,,,,104.867,,,,,
,,,,,"677,458.67",,,,
,,,,,,,,,
,,,,,,,,,
,,,,,,,,,
,,,,,,,,,
,,,,,,,,,
,,,,,,,,,
,,,,,,,,,
,,,,,,,,,
,,,,,,,,,
,,,,,,,,,
,,,,,"538,056.26",,,,
,,,,75.326,"689,018.19",,,,
,,,,85.999,,,,,
,,,,,,,,,
,,,,,,,,,
,,,,,,,,,
,,,,,,,,,
,,,,,,,,,
,,,,,,,,,
,,,,,"706,160.68",,,,
,,,,,,,,,
,,,,,,,,,
,,,,,,,,,
,,,,,,,,,
,,,,,,,,,
,,,,,,,,,
,,,,89.344,"640,223.60",,,,
,,,,,,,,,
,,,,,,,,,
,,,,,,,,,
,,,,,,,,,
,,,,,,,,,
,,,,,,,,,
,,,,,,,,,
,,,,,"685,698.54",,,,
,,,,,,,,,
,,,,,,,,,
,,,,,,,,,
,,,,,,,,,
,,,,,,,,,
,,,,87.468,,,,,
,,,,,,,,,
,,,,,"759,403.84",,,,
,,,,,,,,,
,,,,,,,,,
,,,,,,,,,
,,,,,,,,,
,,,,,,,,,
,,,,,,,,,
,,,,,"680,073.46",,,,
,,,,,"715,688.05",,,,
,,,,,,,,,
,,,,,,,,,
,,,,,,,,,
,,,,104.764,,,,,
,,,,,,,,,
,,,,,,,,,
,,,,,,,,,
,,,,,"760,422.36",,,,
,,,,,,,,,
,,,,,,,,,
,,,,,,,,,
,,,,,,,,,
,,,,,,,,,
,,,,,,,,,
,,,,,"641,112.98",,,,
,,,,,,,,,
,,,,,,,,,
,,,,155.298,,,,,
,,,,,,,,,
,,,,,,,,,
,,,,,,,,,
,,,,,,,,,
,,,,,"639,517.80",,,,
,,,,,,,,,
,,,,,,,,,
,,,,,,,,,
,,,,,,,,,
,,,,,,,,,
,,,,,,,,,
,,,,,"735,215.80",,,,
,,,,,,,,,
,,,,98.366,,,,,
,,,,163.677,,,,,
,,,,,,,,,
,,,,,,,,,
,,,,,,,,,
,,,,,"707,392.13",,,,
,,,,,"537,252.46",,,,
,,,,,,,,,
,,,,,,,,,
,,,,,,,,,
,,,,,,,,,
,,,,,,,,,
,,,,,"545,358.92",,,,
,,,,,"867,570.58",,,,
,,,,,,,,,
,,,,91.554,,,,,
,,,,,,,,,
,,,,,,,,,
,,,,,,,,,
,,,,,,,,,
,,,,,"641,286.52",,,,
,,,,,,,,,
,,,,,,,,,
,,,,,,,,,
,,,,,,,,,
,,,,,,,,,
,,,,,,,,,
,,,,,,,,,
,,,,,"1,147,424.32",,,,
,,,,105.072,,,,,
,,,,,,,,,
,,,,,,,,,
,,,,,,,,,
,,,,,,,,,
,,,,,,,,,
,,,,,"741,770.60",,,,
,,,,,,,,,
,,,,,,,,,
,,,,,,,,,
,,,,,,,,,
,,,,,,,,,
,,,,,,,,,
,,,,,"692,928.67",,,,
,,,,126.366,,,,,
,,,,,,,,,
,,,,,,,,,
,,,,,,,,,
,,,,,,,,,
,,,,,,,,,
,,,,,"621,296.76",,,,
,,,,,"714,546.88",,,,
,,,,,,,,,
,,,,,,,,,
,,,,,,,,,
,,,,,,,,,
,,,,,,,,,
,,,,,"662,652.92",,,,
,,,,94.636,,,,,
,,,,,,,,,
,,,,,,,,,
,,,,,,,,,
,,,,,,,,,
,,,,,"598,133.22",,,,
,,,,,,,,,
,,,,,,,,,
,,,,,,,,,
,,,,,,,,,
,,,,,,,,,
,,,,,,,,,
,,,,,"648,379.24",,,,
,,,,,,,,,
,,,,85.563,,,,,
,,,,109.27,,,,,
,,,,,,,,,
,,,,,,,,,
,,,,,,,,,
,,,,,"663,577.41",,,,
,,,,,,,,,
,,,,,,,,,
,,,,,,,,,
,,,,,,,,,
,,,,,,,,,
,,,,,"571,945.84",,,,
,,,,,"468,584.37",,,,
,,,,,,,,,
,,,,,,,,,
,,,,117.277,,,,,
,,,,,,,,,
,,,,,,,,,
,,,,,"513,174.28",,,,
,,,,,,,,,
,,,,,,,,,
,,,,,,,,,
,,,,,,,,,
,,,,,,,,,
,,,,,,,,,
,,,,,,,,,
,,,,,"538,764.36",,,,
,,,,,,,,,
,,,,,,,,,
,,,,108.484,,,,,
,,,,,,,,,
,,,,,,,,,
,,,,,,,,,
,,,,,"657,420.47",,,,
,,,,,,,,,
,,,,,,,,,
,,,,,,,,,
,,,,,,,,,
,,,,,,,,,
,,,,,"662,522.40",,,,
,,,,,,,,,
,,,,,,,,,
,,,,,,,,,
,,,,91.221,,,,,
,,,,,"605,402.84",,,,
,,,,,"477,524.31",,,,
,,,,,,,,,
,,,,,,,,,
,,,,,,,,,
,,,,,,,,,
,,,,,,,,,
,,,,,"551,063.44",,,,
,,,,,"578,917.45",,,,
,,,,,,,,,
,,,,,,,,,
,,,,,,,,,
,,,,,,,,,
,,,,103.169,,,,,
,,,,,,,,,
,,,,,,,,,
,,,,,"654,588.49",,,,
,,,,,,,,,
,,,,,,,,,
,,,,,,,,,
,,,,,,,,,
,,,,,,,,,
,,,,,,,,,
,,,,,"665,785.33",,,,
,,,,,,,,,
,,,,,,,,,
,,,,,,,,,
,,,,139.048,,,,,
,,,,173.723,,,,,
,,,,,"743,111.67",,,,
,,,,,,,,,
,,,,,,,,,
,,,,,,,,,
,,,,,,,,,
,,,,,,,,,
,,,,,"655,504.69",,,,
,,,,,,,,,
,,,,,,,,,
,,,,,,,,,
,,,,,,,,,
,,,,,,,,,
,,,,91.638,"564,179.50",,,,
,,,,105.474,"520,793.63",,,,
,,,,,,,,,
,,,,,,,,,
,,,,,,,,,
,,,,,,,,,
,,,,,,,,,
,,,,,"649,608.09",,,,
,,,,,,,,,
,,,,,,,,,
,,,,,,,,,
,,,,,,,,,
,,,,,,,,,
,,,,,,,,,
,,,,,"623,751.52",,,,
,,,,117.087,,,,,
,,,,,,,,,
,,,,,,,,,
,,,,,,,,,
,,,,,,,,,
,,,,,"601,779.20",,,,
,,,,,,,,,
,,,,,,,,,
,,,,,,,,,
,,,,,,,,,
,,,,,,,,,
,,,,,"600,900.66",,,,
,,,,,,,,,
,,,,,,,,,
,,,,121.36,,,,,
,,,,,,,,,
,,,,,,,,,
,,,,,,,,,
,,,,,"503,022.87",,,,
,,,,,"766,062.62",,,,
,,,,,,,,,
,,,,,,,,,
,,,,,,,,,
,,,,,,,,,
,,,,,,,,,
,,,,,"528,588.29",,,,
,,,,,,,,,
,,,,,,,,,
,,,,124.732,,,,,
,,,,,,,,,
,,,,,,,,,
,,,,,,,,,
,,,,,"524,697.97",,,,
,,,,,,,,,
,,,,,,,,,
,,,,,,,,,
,,,,,,,,,
,,,,,,,,,
,,,,,"585,838.55",,,,
,,,,,,,,,
,,,,,,,,,
,,,,,,,,,
,,,,100.333,,,,,
,,,,,,,,,
,,,,,"553,440.65",,,,
,,,,,,,,,
,,,,,,,,,
,,,,,,,,,
,,,,,,,,,
,,,,,,,,,
,,,,,"687,258.36",,,,
,,,,,"552,706.48",,,,
,,,,,,,,,
,,,,,,,,,
,,,,,,,,,
,,,,,,,,,
,,,,149.431,,,,,
,,,,148.997,,,,,
,,,,,,,,,
,,,,,,,,,
,,,,,,,,,
,,,,,"499,370.53",,,,
,,,,,,,,,
,,,,,,,,,
,,,,,,,,,
,,,,,,,,,
,,,,,"519,440.61",,,,
,,,,,,,,,
,,,,,,,,,
,,,,,,,,,
,,,,,,,,,
,,,,148.088,,,,,
,,,,,"600,595.78",,,,
,,,,,,,,,
,,,,,,,,,
,,,,,,,,,
,,,,,,,,,
,,,,,,,,,
,,,,,,,,,
,,,,,"613,648.35",,,,
,,,,,"663,577.41",,,,
,,,,,,,,,
,,,,,,,,,
,,,,,,,,,
,,,,,,,,,
,,,,107.633,,,,,
,,,,184.585,"571,945.84",,,,
,,,,,"468,584.37",,,,
,,,,,,,,,
,,,,,,,,,
,,,,,,,,,
,,,,,,,,,
,,,,,,,,,
,,,,,"513,174.28",,,,
,,,,,,,,,
,,,,,,,,,
,,,,,,,,,
,,,,,,,,,
,,,,,,,,,
,,,,,,,,,
,,,,96.416,,,,,
,,,,194.16,"538,764.36",,,,
,,,,,,,,,
,,,,,,,,,
,,,,,,,,,
,,,,,,,,,
,,,,,,,,,
,,,,,,,,,
,,,,,"657,420.47",,,,
,,,,,,,,,
,,,,,,,,,
,,,,,,,,,
,,,,,,,,,
,,,,,,,,,
,,,,,"662,522.40",,,,
,,,,138.272,,,,,
,,,,,,,,,
,,,,,,,,,
,,,,,,,,,
,,,,,"605,402.84",,,,
,,,,,"477,524.31",,,,
,,,,,,,,,
,,,,,,,,,
,,,,,,,,,
,,,,,,,,,
,,,,,,,,,
,,,,,"551,063.44",,,,
,,,,,"578,917.45",,,,
,,,,,,,,,
,,,,225.497,,,,,
,,,,,,,,,
,,,,,,,,,
,,,,,,,,,
,,,,,,,,,
,,,,,,,,,
,,,,,"654,588.49",,,,
,,,,,,,,,
,,,,,,,,,
,,,,,,,,,
,,,,,,,,,
,,,,,,,,,
,,,,,,,,,
,,,,,"665,785.33",,,,
,,,,170.443,,,,,
,,,,,,,,,
,,,,,,,,,
,,,,,,,,,
,,,,,,,,,
,,,,,"743,111.67",,,,
,,,,,,,,,
,,,,,,,,,
,,,,,,,,,
,,,,,,,,,
,,,,,,,,,
,,,,,"655,504.69",,,,
,,,,,,,,,
,,,,,,,,,
,,,,103.418,,,,,
,,,,,,,,,
,,,,,,,,,
,,,,,"564,179.50",,,,
,,,,,"520,793.63",,,,
,,,,,,,,,
,,,,,,,,,
,,,,,,,,,
,,,,,,,,,
,,,,,,,,,
,,,,,"649,608.09",,,,
,,,,,,,,,
,,,,,,,,,
,,,,,,,,,
,,,,89.227,,,,,
,,,,115.315,,,,,
,,,,,,,,,
,,,,,"623,751.52",,,,
,,,,,,,,,
,,,,,,,,,
,,,,,,,,,
,,,,,,,,,
,,,,,,,,,
,,,,,"601,779.20",,,,
,,,,,,,,,
,,,,,,,,,
,,,,,,,,,
,,,,,,,,,
,,,,89.46,,,,,
,,,,116.018,"600,900.66",,,,
,,,,,,,,,
,,,,,,,,,
,,,,,,,,,
,,,,,,,,,
,,,,,,,,,
,,,,,,,,,
,,,,,"503,022.87",,,,
,,,,,"766,062.62",,,,
,,,,,,,,,
,,,,,,,,,
,,,,,,,,,
,,,,,,,,,
,,,,,,,,,
,,,,168.816,"528,588.29",,,,
,,,,,,,,,
,,,,,,,,,
,,,,,,,,,
,,,,,,,,,
,,,,,,,,,
,,,,,,,,,
,,,,,"524,697.97",,,,
,,,,,,,,,
,,,,,,,,,
,,,,,,,,,
,,,,,,,,,
,,,,,,,,,
,,,,,"585,838.55",,,,
,,,,132.661,,,,,
,,,,,,,,,
,,,,,,,,,
,,,,,,,,,
,,,,,,,,,
,,,,,"553,440.65",,,,
,,,,,,,,,
,,,,,,,,,
,,,,,,,,,
,,,,,,,,,
,,,,,,,,,
,,,,,"687,258.36",,,,
,,,,,"552,706.48",,,,
,,,,,,,,,
,,,,93.246,,,,,
,,,,,,,,,
,,,,,,,,,
,,,,,,,,,
,,,,,,,,,
,,,,,,,,,
,,,,,,,,,
,,,,,,,,,
,,,,,"499,370.53",,,,
,,,,,,,,,
,,,,,,,,,
,,,,,,,,,
,,,,,,,,,
,,,,,"519,440.61",,,,
,,,,114.9,,,,,
,,,,,,,,,
,,,,,,,,,
,,,,,,,,,
,,,,,,,,,
,,,,,"600,595.78",,,,
,,,,,,,,,
,,,,,,,,,
,,,,,,,,,
,,,,111.637,,,,,
,,,,126.753,,,,,
,,,,,,,,,
,,,,,"613,648.35",,,,
,,,,,,,,,
,,,,,,,,,
,,,,,,,,,
,,,,,,,,,
,,,,,,,,,
,,,,,,,,,
,,,,,,,,,
,,,,,,,,,
,,,,,,,,,
,,,,,,,,,
,,,,,,,,,
,,,,108.655,,,,,
,,,,,,,,,
,,,,,,,,,
,,,,,,,,,
,,,,,,,,,
,,,,,,,,,
,,,,,,,,,
,,,,,"665,951.29",,,,
,,,,,,,,,
,,,,,,,,,
,,,,,,,,,
,,,,,,,,,
,,,,,"637,564.52",,,,
,,,,,,,,,
,,,,207.695,,,,,
,,,,,,,,,
,,,,,,,,,
,,,,,"549,115.71",,,,
,,,,,,,,,
,,,,,,,,,
,,,,,,,,,
,,,,,,,,,
,,,,,,,,,
,,,,,"450,080.41",,,,
,,,,,"544,665.91",,,,
,,,,,,,,,
,,,,,,,,,
,,,,,,,,,
,,,,140.402,,,,,
,,,,,"459,380.60",,,,
,,,,,,,,,
,,,,,,,,,
,,,,,,,,,
,,,,,,,,,
,,,,,,,,,
,,,,,"458,536.78",,,,
,,,,,,,,,
,,,,,,,,,
,,,,,,,,,
,,,,,,,,,
,,,,,,,,,
,,,,,"510,023.20",,,,
,,,,112.208,,,,,
,,,,,,,,,
,,,,,,,,,
,,,,,,,,,
,,,,,"606,525.60",,,,
,,,,,,,,,
,,,,,,,,,
,,,,,,,,,
,,,,,,,,,
,,,,,,,,,
,,,,,"588,334.11",,,,
,,,,,"481,867.24",,,,
,,,,,,,,,
,,,,,,,,,
,,,,90.751,,,,,
,,,,107.275,"444,611.50",,,,
,,,,,"482,918.73",,,,
,,,,,,,,,
,,,,,,,,,
,,,,,,,,,
,,,,,,,,,
,,,,,,,,,
,,,,,"576,624.58",,,,
,,,,,,,,,
,,,,,,,,,
,,,,,,,,,
,,,,,,,,,
,,,,,,,,,
,,,,,"645,380.50",,,,
,,,,126.933,,,,,
,,,,,,,,,
,,,,,,,,,
,,,,,,,,,
,,,,,,,,,
,,,,,"696,410.28",,,,
,,,,,,,,,
,,,,,,,,,
,,,,,,,,,
,,,,,,,,,
,,,,,,,,,
,,,,,"639,961.48",,,,
,,,,,,,,,
,,,,,,,,,
,,,,137.454,,,,,
,,,,,,,,,
,,,,,"524,811.55",,,,
,,,,,"598,490.15",,,,
,,,,,,,,,
,,,,,,,,,
,,,,,,,,,
,,,,,,,,,
,,,,,,,,,
,,,,,"653,642.85",,,,
,,,,,,,,,
,,,,,,,,,
,,,,,,,,,
,,,,,,,,,
,,,,121.793,,,,,
,,,,,"630,522.43",,,,
,,,,,,,,,
,,,,,,,,,
,,,,,,,,,
,,,,,,,,,
,,,,,"725,334.49",,,,
,,,,,,,,,
,,,,,,,,,
,,,,,,,,,
,,,,,,,,,
,,,,,"632,810.81",,,,
,,,,,,,,,
,,,,,,,,,
,,,,98.19,,,,,
,,,,,,,,,
,,,,,"503,980.17",,,,
,,,,,"592,923.45",,,,
,,,,,,,,,
,,,,,,,,,
,,,,,,,,,
,,,,,,,,,
,,,,,,,,,
,,,,,"462,667.13",,,,
,,,,,,,,,
,,,,,,,,,
,,,,,,,,,
,,,,,,,,,
,,,,120.452,,,,,
,,,,176.895,"469,231.59",,,,
,,,,,,,,,
,,,,,,,,,
,,,,,,,,,
,,,,,,,,,
,,,,,,,,,
,,,,,"572,916.96",,,,
,,,,,,,,,
,,,,,,,,,
,,,,,,,,,
,,,,,,,,,
,,,,,,,,,
,,,,,"475,072.28",,,,
,,,,,,,,,
,,,,158.947,,,,,
,,,,,,,,,
,,,,,,,,,
,,,,,"418,379.79",,,,
,,,,,"380,016.09",,,,
,,,,,,,,,
,,,,,,,,,
,,,,,,,,,
,,,,,,,,,
,,,,,,,,,
,,,,,,,,,
,,,,,,,,,
,,,,,,,,,
,,,,,,,,,
,,,,160.233,,,,,
,,,,,,,,,
,,,,,"432,228.84",,,,
,,,,,,,,,
,,,,,,,,,
,,,,,,,,,
,,,,,,,,,
,,,,,,,,,
,,,,,"409,956.44",,,,
,,,,,,,,,
,,,,,,,,,
,,,,,,,,,
,,,,,,,,,
,,,,,"444,957.25",,,,
,,,,83.137,,,,,
,,,,,,,,,
,,,,,,,,,
,,,,,,,,,
,,,,,"298,976.55",,,,
,,,,,,,,,
,,,,,,,,,
,,,,,,,,,
,,,,,,,,,
,,,,,,,,,
,,,,,,,,,
,,,,,,,,,
,,,,,,,,,
,,,,,,,,,
,,,,152.21,,,,,
,,,,,,,,,
,,,,,,,,,
,,,,,"367,838.02",,,,
,,,,,,,,,
,,,,,,,,,
,,,,,,,,,
,,,,,,,,,
,,,,,,,,,
,,,,,"544,628.64",,,,
,,,,,,,,,
,,,,,,,,,
,,,,,,,,,
,,,,,,,,,
,,,,147.014,,,,,
,,,,,,,,,
,,,,,,,,,
,,,,,,,,,
,,,,,,,,,
,,,,,,,,,
,,,,,"536,316.96",,,,
,,,,,,,,,
,,,,,,,,,
,,,,,,,,,
,,,,,,,,,
,,,,,,,,,
,,,,,"548,180.91",,,,
,,,,,"416,772.36",,,,
,,,,130.284,,,,,
,,,,211.933,,,,,
,,,,,,,,,
,,,,,,,,,
,,,,,,,,,
,,,,,"328,755.38",,,,
,,,,,,,,,
,,,,,,,,,
,,,,,,,,,
,,,,,,,,,
,,,,,"296,056.27",,,,
,,,,,,,,,
,,,,,,,,,
,,,,,,,,,
,,,,,,,,,
,,,,90.654,,,,,
,,,,,"421,538.94",,,,
,,,,,,,,,
,,,,,,,,,
,,,,,,,,,
,,,,,,,,,
,,,,,"463,834.18",,,,
,,,,,,,,,
,,,,,,,,,
,,,,,,,,,
,,,,,,,,,
,,,,,,,,,
,,,,,"335,857.36",,,,
,,,,,,,,,
,,,,100.349,,,,,
,,,,,,,,,
,,,,,,,,,
,,,,,,,,,
,,,,,"348,551.66",,,,
,,,,,"433,314.85",,,,
,,,,,,,,,
,,,,,,,,,
,,,,,,,,,
,,,,,,,,,
,,,,,,,,,
,,,,,,,,,
,,,,144.448,,,,,
,,,,,,,,,
,,,,,,,,,
,,,,,,,,,
,,,,,"658,511.84",,,,
,,,,,,,,,
,,,,,,,,,
,,,,,,,,,
,,,,,,,,,
,,,,,,,,,
,,,,,"765,980.75",,,,
,,,,,,,,,
,,,,150.685,,,,,
,,,,,,,,,
,,,,,,,,,
,,,,,,,,,
,,,,,"402,557.31",,,,
,,,,,,,,,
,,,,,,,,,
,,,,,,,,,
,,,,,,,,,
,,,,,"283,250.43",,,,
,,,,,,,,,
,,,,110.054,,,,,
,,,,95.47,,,,,
,,,,,,,,,
,,,,,,,,,
,,,,,,,,,
,,,,,"418,614.66",,,,
,,,,,,,,,
,,,,,,,,,
,,,,,,,,,
,,,,,,,,,
,,,,,,,,,
,,,,,,,,,
,,,,122.11,,,,,
,,,,,,,,,
,,,,,,,,,
,,,,,,,,,
,,,,,,,,,
,,,,,"486,570.99",,,,
,,,,,,,,,
,,,,,,,,,
,,,,,,,,,
,,,,,,,,,
,,,,,,,,,
,,,,,"561,730.45",,,,
,,,,143.498,,,,,
,,,,,,,,,
,,,,,,,,,
,,,,,,,,,
,,,,,,,,,
,,,,,"482,652.59",,,,
,,,,,,,,,
,,,,,,,,,
,,,,,,,,,
,,,,,,,,,
,,,,,,,,,
,,,,,,,,,
,,,,275.729,,,,,
,,,,,,,,,
,,,,,,,,,
,,,,,,,,,
,,,,,,,,,
,,,,,,,,,
,,,,,"353,831.97",,,,
,,,,,,,,,
,,,,,,,,,
,,,,,,,,,
,,,,,,,,,
,,,,220.576,,,,,
,,,,,"355,387.78",,,,
,,,,,,,,,
,,,,,,,,,
,,,,,,,,,
,,,,,,,,,
,,,,,,,,,
,,,,,,,,,
,,,,,,,,,
,,,,,,,,,
,,,,,,,,,
,,,,121.267,,,,,
,,,,107.144,,,,,
,,,,,"365,785.96",,,,
,,,,,,,,,
,,,,,,,,,
,,,,,,,,,
,,,,,,,,,
,,,,,,,,,
,,,,,"241,529.27",,,,
,,,,,,,,,
,,,,,,,,,
,,,,,,,,,
,,,,123.889,,,,,
,,,,,,,,,
,,,,,,,,,
,,,,,,,,,
,,,,,,,,,
,,,,,,,,,
,,,,,,,,,
,,,,,,,,,
,,,,,,,,,
,,,,,,,,,
,,,,,"330,233.44",,,,
,,,,,,,,,
,,,,123.776,,,,,
,,,,,,,,,
,,,,,,,,,
,,,,,,,,,
,,,,,"334,542.56",,,,
,,,,,,,,,
,,,,,,,,,
,,,,,,,,,
,,,,,,,,,
,,,,,,,,,
,,,,,"285,012.55",,,,
,,,,,,,,,
,,,,119.225,,,,,
,,,,,,,,,
,,,,,,,,,
,,,,,,,,,
,,,,,"230,473.47",,,,
,,,,,,,,,
,,,,,,,,,
,,,,,,,,,
,,,,,,,,,
,,,,,,,,,
,,,,,,,,,
,,,,139.736,,,,,
,,,,,,,,,
,,,,,,,,,
,,,,,,,,,
,,,,,,,,,
,,,,,,,,,
,,,,,"333,649.56",,,,
,,,,,,,,,
,,,,,,,,,
,,,,,,,,,
,,,,,,,,,
,,,,131.762,,,,,
,,,,,"449,211.34",,,,
,,,,,,,,,
,,,,,,,,,
,,,,,,,,,
,,,,,,,,,
,,,,,,,,,
,,,,,"325,983.47",,,,
,,,,,,,,,
,,,,,,,,,
,,,,,,,,,
,,,,174.653,,,,,
,,,,203.158,,,,,
,,,,,"255,385.77",,,,
,,,,,,,,,
,,,,,,,,,
,,,,,,,,,
,,,,,,,,,
,,,,,,,,,
,,,,,,,,,
,,,,,,,,,
,,,,,,,,,
,,,,,,,,,
,,,,,,,,,
,,,,160.232,,,,,
,,,,,,,,,
,,,,,,,,,
,,,,,,,,,
,,,,,,,,,
,,,,,,,,,
,,,,,,,,,
,,,,,,,,,
,,,,,,,,,
,,,,,,,,,
,,,,,"342,464.35",,,,
,,,,162.134,,,,,
,,,,,,,,,
,,,,,,,,,
,,,,,,,,,
,,,,,,,,,
,,,,,"270,538.29",,,,
,,,,,,,,,
,,,,,,,,,
,,,,,,,,,
,,,,,,,,,
,,,,,,,,,
,,,,390.313,,,,,
,,,,,,,,,
,,,,,,,,,
,,,,,,,,,
,,,,,,,,,
,,,,,,,,,
,,,,,,,,,
,,,,,,,,,
,,,,,,,,,
,,,,,,,,,
,,,,,,,,,
,,,,326.457,,,,,
,,,,,,,,,
,,,,,,,,,
,,,,,,,,,
,,,,,,,,,
,,,,,,,,,
,,,,,,,,,
,,,,,,,,,
,,,,,,,,,
,,,,,"278,394.54",,,,
,,,,,,,,,
,,,,146.339,,,,,
,,,,139.283,,,,,
,,,,,,,,,
,,,,,,,,,
,,,,,"321,503.39",,,,
,,,,,,,,,
,,,,,,,,,
,,,,,,,,,
,,,,,,,,,
,,,,,,,,,
,,,,,,,,,
,,,,,,,,,
,,,,,,,,,
,,,,125.708,,,,,
,,,,,,,,,
,,,,,,,,,
,,,,,"155,273.77",,,,
,,,,,,,,,
,,,,,,,,,
,,,,,,,,,
,,,,,,,,,
,,,,,,,,,
,,,,,,,,,
,,,,,,,,,
,,,,146.492,,,,,
,,,,,,,,,
,,,,,,,,,
,,,,,,,,,
,,,,,,,,,
,,,,,,,,,
,,,,,,,,,
,,,,,,,,,
,,,,,,,,,
,,,,,,,,,
,,,,,,,,,
,,,,162.817,,,,,
,,,,,,,,,
,,,,,"515,748.23",,,,
,,,,,,,,,
,,,,,,,,,
,,,,,,,,,
,,,,,,,,,
,,,,,,,,,
,,,,,"293,489.79",,,,
,,,,,,,,,
,,,,,,,,,
,,,,143.283,,,,,
,,,,,,,,,
,,,,,,,,,
,,,,,"197,735.35",,,,
,,,,,,,,,
,,,,,,,,,
,,,,,,,,,
,,,,,,,,,
,,,,,,,,,
,,,,,,,,,
,,,,,,,,,
,,,,134.095,,,,,
,,,,108.077,,,,,
,,,,,,,,,
,,,,,,,,,
,,,,,,,,,
,,,,,,,,,
,,,,,,,,,
,,,,,,,,,
,,,,,,,,,
,,,,,,,,,
,,,,,,,,,
,,,,,,,,,
,,,,,,,,,
,,,,,,,,,
,,,,,"306,829.51",,,,
,,,,,1147424.32,,,,
,,,,,144015.51,,,,
,,,,,,,,,
,,,,,,,,,
,,,,,,,,,
,,,,159.803,,,,,
,,,,,,,,,
,,,,,,,,,
,,,,,,,,,
,,,,,,,,,
,,,,,,,,,
,,,,,,,,,
,,,,,,,,,
,,,,,,,,,
,,,,,,,,,
,,,,141.072,,,,,
,,,,,,,,,
,,,,,,,,,
,,,,,,,,,
,,,,,,,,,
,,,,,,,,,
,,,,,,,,,
,,,,,,,,,
,,,,,,,,,
,,,,,,,,,
,,,,,,,,,
,,,,100.385,,,,,
,,,,,,,,,
,,,,,,,,,
,,,,,,,,,
,,,,,,,,,
,,,,,,,,,
,,,,,,,,,
,,,,,,,,,
,,,,,,,,,
,,,,,,,,,
,,,,,,,,,
,,,,82.946,,,,,
,,,,,,,,,
,,,,,,,,,
,,,,,,,,,
,,,,,,,,,
,,,,,,,,,
,,,,,,,,,
,,,,,,,,,
,,,,,,,,,
,,,,,,,,,
,,,,,,,,,
,,,,69.314,,,,,
,,,,72.948,,,,,
,,,,117.945,,,,,
,,,,,,,,,
,,,,,,,,,
,,,,,,,,,
,,,,,,,,,
,,,,,,,,,
,,,,,,,,,
,,,,,,,,,
,,,,,,,,,
,,,,,,,,,
,,,,,,,,,
,,,,96.237,,,,,
,,,,,,,,,
,,,,,,,,,
,,,,,,,,,
,,,,,,,,,
,,,,,,,,,
,,,,,,,,,
,,,,,,,,,
,,,,,,,,,
,,,,,,,,,
,,,,,,,,,
,,,,80.392,,,,,
,,,,,,,,,
,,,,,,,,,
,,,,,,,,,
,,,,,,,,,
,,,,,,,,,
,,,,,,,,,
,,,,,,,,,
,,,,,,,,,
,,,,,,,,,
,,,,,,,,,
,,,,115.047,,,,,
,,,,,,,,,
,,,,,,,,,
,,,,,,,,,
,,,,,,,,,
,,,,,,,,,
,,,,,,,,,
,,,,,,,,,
,,,,,,,,,
,,,,,,,,,
,,,,,,,,,
,,,,148.298,,,,,
,,,,249.505,,,,,
,,,,,,,,,
,,,,,,,,,
,,,,,,,,,
,,,,,,,,,
,,,,,,,,,
,,,,,,,,,
,,,,,,,,,
,,,,,,,,,
,,,,,,,,,
,,,,,,,,,
,,,,170.212,,,,,
,,,,,,,,,
,,,,,,,,,
,,,,,,,,,
,,,,,,,,,
,,,,,,,,,
,,,,,,,,,
,,,,,,,,,
,,,,,,,,,
,,,,,,,,,
,,,,,,,,,
,,,,113.004,,,,,
,,,,,,,,,
,,,,,,,,,
,,,,,,,,,
,,,,,,,,,
,,,,,,,,,
,,,,,,,,,
,,,,,,,,,
,,,,,,,,,
,,,,,,,,,
,,,,130.107,,,,,
,,,,,,,,,
,,,,,,,,,
,,,,,,,,,
,,,,,,,,,
,,,,,,,,,
,,,,,,,,,
,,,,,,,,,
,,,,,,,,,
,,,,,,,,,
,,,,,,,,,
,,,,267.029,,,,,
,,,,,,,,,
,,,,,,,,,
,,,,,,,,,
,,,,,,,,,
,,,,,,,,,
,,,,,,,,,
,,,,,,,,,
,,,,,,,,,
,,,,,,,,,
,,,,,,,,,
,,,,127.841,,,,,
,,,,165.812,,,,,
,,,,,,,,,
,,,,,,,,,
,,,,,,,,,
,,,,,,,,,
,,,,,,,,,
,,,,,,,,,
,,,,,,,,,
,,,,,,,,,
,,,,,,,,,
,,,,179.645,,,,,
,,,,205.017,,,,,
,,,,,,,,,
,,,,,,,,,
,,,,,,,,,
,,,,,,,,,
,,,,,,,,,
,,,,,,,,,
,,,,,,,,,
,,,,,,,,,
,,,,,,,,,
,,,,,,,,,
,,,,129.604,,,,,
,,,,,,,,,
,,,,,,,,,
,,,,,,,,,
,,,,,,,,,
,,,,,,,,,
,,,,,,,,,
,,,,,,,,,
,,,,,,,,,
,,,,,,,,,
,,,,,,,,,
,,,,,,,,,
,,,,143.747,,,,,
,,,,,,,,,
,,,,,,,,,
,,,,,,,,,
,,,,,,,,,
,,,,,,,,,
,,,,,,,,,
,,,,,,,,,
,,,,,,,,,
,,,,,,,,,
,,,,,,,,,
,,,,,,,,,
,,,,131.998,,,,,
,,,,,,,,,
,,,,,,,,,
,,,,,,,,,
,,,,,,,,,
,,,,,,,,,
,,,,,,,,,
,,,,,,,,,
,,,,,,,,,
,,,,,,,,,
,,,,,,,,,
,,,,,,,,,
,,,,208.333,,,,,
,,,,,,,,,
,,,,,,,,,
,,,,,,,,,
,,,,,,,,,
,,,,,,,,,
,,,,,,,,,
,,,,,,,,,
,,,,,,,,,
,,,,,,,,,
,,,,,,,,,
,,,,,,,,,
,,,,212.56,,,,,
,,,,151.58,,,,,
,,,,,,,,,
,,,,,,,,,
,,,,,,,,,
,,,,,,,,,
,,,,,,,,,
,,,,,,,,,
,,,,,,,,,
,,,,,,,,,
,,,,,,,,,
,,,,,,,,,
,,,,,,,,,
,,,,,,,,,
,,,,,,,,,
,,,,256.969,,,,,
,,,,,,,,,
,,,,,,,,,
,,,,,,,,,
,,,,,,,,,
,,,,,,,,,
,,,,,,,,,
,,,,,,,,,
,,,,,,,,,
,,,,,,,,,
,,,,,,,,,
,,,,,,,,,
,,,,,,,,,
,,,,,,,,,
,,,,175.044,,,,,
,,,,,,,,,
,,,,,,,,,
,,,,,,,,,
,,,,,,,,,
,,,,,,,,,
,,,,,,,,,
,,,,,,,,,
,,,,,,,,,
,,,,,,,,,
,,,,,,,,,
,,,,,,,,,
,,,,,,,,,
,,,,,,,,,
,,,,66.231,,,,,
,,,,,,,,,
,,,,,,,,,
,,,,,,,,,
,,,,,,,,,
,,,,,,,,,
,,,,,,,,,
,,,,,,,,,
,,,,,,,,,
,,,,,,,,,
,,,,,,,,,
,,,,,,,,,
,,,,,,,,,
,,,,,,,,,
,,,,93.058,,,,,
,,,,,,,,,
,,,,,,,,,
,,,,,,,,,
,,,,,,,,,
,,,,,,,,,
,,,,,,,,,
,,,,,,,,,
,,,,,,,,,
,,,,,,,,,
,,,,,,,,,
,,,,,,,,,
,,,,,,,,,
,,,,,,,,,
,,,,93.911,,,,,
,,,,82.448,,,,,
,,,,,,,,,
,,,,,,,,,
,,,,,,,,,
,,,,,,,,,
,,,,,,,,,
,,,,,,,,,
,,,,,,,,,
,,,,,,,,,
,,,,,,,,,
,,,,,,,,,
,,,,,,,,,
,,,,,,,,,
,,,,,,,,,
,,,,92.837,,,,,
,,,,,,,,,
,,,,,,,,,
,,,,,,,,,
,,,,,,,,,
,,,,,,,,,
,,,,,,,,,
,,,,,,,,,
,,,,,,,,,
,,,,,,,,,
,,,,,,,,,
,,,,,,,,,
,,,,,,,,,
,,,,,,,,,
,,,,212.107,,,,,
,,,,,,,,,
,,,,,,,,,
,,,,,,,,,
,,,,,,,,,
,,,,,,,,,
,,,,,,,,,
,,,,,,,,,
,,,,,,,,,
,,,,,,,,,
,,,,,,,,,
,,,,,,,,,
,,,,,,,,,
,,,,,,,,,
,,,,149.787,,,,,
,,,,,,,,,
,,,,,,,,,
,,,,,,,,,
,,,,,,,,,
,,,,,,,,,
,,,,,,,,,
,,,,,,,,,
,,,,,,,,,
,,,,,,,,,
,,,,,,,,,
,,,,,,,,,
,,,,,,,,,
,,,,,,,,,
,,,,179.375,,,,,
,,,,,,,,,
,,,,,,,,,
,,,,,,,,,
,,,,,,,,,
,,,,,,,,,
,,,,,,,,,
,,,,,,,,,
,,,,,,,,,
,,,,,,,,,
,,,,,,,,,
,,,,,,,,,
,,,,,,,,,
,,,,,,,,,
,,,,97.991,,,,,
,,,,108.049,,,,,
,,,,,,,,,
,,,,,,,,,
,,,,,,,,,
,,,,,,,,,
,,,,,,,,,
,,,,,,,,,
,,,,,,,,,
,,,,,,,,,
,,,,,,,,,
,,,,,,,,,
,,,,,,,,,
,,,,,,,,,
,,,,,,,,,
,,,,146.634,,,,,
,,,,,,,,,
,,,,,,,,,
,,,,,,,,,
,,,,,,,,,
,,,,,,,,,
,,,,,,,,,
,,,,,,,,,
,,,,,,,,,
,,,,,,,,,
,,,,,,,,,
,,,,,,,,,
,,,,,,,,,
,,,,,,,,,
,,,,303.487,,,,,
,,,,,,,,,
,,,,,,,,,
,,,,,,,,,
,,,,,,,,,
,,,,,,,,,
,,,,,,,,,
,,,,,,,,,
,,,,,,,,,
,,,,,,,,,
,,,,,,,,,
,,,,,,,,,
,,,,,,,,,
,,,,,,,,,
,,,,159.778,,,,,
,,,,,,,,,
,,,,,,,,,
,,,,,,,,,
,,,,,,,,,
,,,,,,,,,
,,,,,,,,,
,,,,,,,,,
,,,,,,,,,
,,,,,,,,,
,,,,,,,,,
,,,,,,,,,
,,,,,,,,,
,,,,,,,,,
,,,,174.869,,,,,
,,,,,,,,,
,,,,,,,,,
,,,,,,,,,
,,,,,,,,,
,,,,,,,,,
,,,,,,,,,
,,,,,,,,,
,,,,,,,,,
,,,,,,,,,
,,,,,,,,,
,,,,,,,,,
,,,,,,,,,
,,,,,,,,,
,,,,182.493,,,,,
,,,,,,,,,
,,,,,,,,,
,,,,,,,,,
,,,,,,,,,
,,,,,,,,,
,,,,,,,,,
,,,,,,,,,
,,,,,,,,,
,,,,,,,,,
,,,,,,,,,
,,,,,,,,,
,,,,,,,,,
,,,,,,,,,
,,,,,,,,,
,,,,42.221,,,,,
,,,,,,,,,
,,,,,,,,,
,,,,,,,,,
,,,,,,,,,
,,,,,,,,,
,,,,,,,,,
,,,,,,,,,
,,,,,,,,,
,,,,,,,,,
,,,,,,,,,
,,,,,,,,,
,,,,,,,,,
,,,,,,,,,
,,,,186.419,,,,,
,,,,,,,,,
,,,,,,,,,
,,,,,,,,,
,,,,,,,,,
,,,,,,,,,
,,,,,,,,,
,,,,,,,,,
,,,,,,,,,
,,,,,,,,,
,,,,,,,,,
,,,,,,,,,
,,,,,,,,,
,,,,,,,,,
,,,,198.061,,,,,
,,,,,,,,,
,,,,,,,,,
,,,,,,,,,
,,,,,,,,,
,,,,,,,,,
,,,,,,,,,
,,,,,,,,,
,,,,,,,,,
,,,,,,,,,
,,,,,,,,,
,,,,,,,,,
,,,,,,,,,
,,,,,,,,,
,,,,59.833,,,,,
,,,,,,,,,
,,,,,,,,,
,,,,,,,,,
,,,,,,,,,
,,,,,,,,,
,,,,,,,,,
,,,,,,,,,
,,,,,,,,,
,,,,,,,,,
,,,,,,,,,
,,,,,,,,,
,,,,,,,,,
,,,,,,,,,
,,,,74.019,,,,,
,,,,,,,,,
,,,,,,,,,
,,,,,,,,,
,,,,,,,,,
,,,,,,,,,
,,,,,,,,,
,,,,,,,,,
,,,,,,,,,
,,,,,,,,,
,,,,,,,,,
,,,,,,,,,
,,,,,,,,,
,,,,,,,,,
,,,,76.292,,,,,
,,,,72.408,,,,,
,,,,,,,,,
,,,,,,,,,
,,,,,,,,,
,,,,,,,,,
,,,,,,,,,
,,,,,,,,,
,,,,,,,,,
,,,,,,,,,
,,,,,,,,,
,,,,,,,,,
,,,,,,,,,
,,,,,,,,,
,,,,,,,,,
,,,,155.703,,,,,
,,,,,,,,,
,,,,,,,,,
,,,,,,,,,
,,,,,,,,,
,,,,,,,,,
,,,,,,,,,
,,,,,,,,,
,,,,,,,,,
,,,,,,,,,
,,,,,,,,,
,,,,,,,,,
,,,,,,,,,
,,,,,,,,,
,,,,189.873,,,,,
,,,,,,,,,
,,,,,,,,,
,,,,,,,,,
,,,,,,,,,
,,,,,,,,,
,,,,,,,,,
,,,,,,,,,
,,,,,,,,,
,,,,,,,,,
,,,,,,,,,
,,,,,,,,,
,,,,,,,,,
,,,,,,,,,
,,,,182.976,,,,,
,,,,,,,,,
,,,,,,,,,
,,,,,,,,,
,,,,,,,,,
,,,,,,,,,
,,,,,,,,,
,,,,,,,,,
,,,,,,,,,
,,,,,,,,,
,,,,,,,,,
,,,,,,,,,
,,,,,,,,,
,,,,,,,,,
,,,,214.447,,,,,
,,,,,,,,,
,,,,,,,,,
,,,,,,,,,
,,,,,,,,,
,,,,,,,,,
,,,,,,,,,
,,,,,,,,,
,,,,,,,,,
,,,,,,,,,
,,,,,,,,,
,,,,,,,,,
,,,,,,,,,
,,,,,,,,,
,,,,266.389,,,,,
,,,,138.505,,,,,
,,,,186.973,,,,,
,,,,,,,,,
,,,,,,,,,
,,,,,,,,,
,,,,,,,,,
,,,,,,,,,
,,,,,,,,,
,,,,,,,,,
,,,,,,,,,
,,,,,,,,,
,,,,,,,,,
,,,,,,,,,
,,,,,,,,,
,,,,,,,,,
,,,,210.53,,,,,
,,,,263.083,,,,,
,,,,,,,,,
,,,,,,,,,
,,,,,,,,,
,,,,,,,,,
,,,,,,,,,
,,,,,,,,,
,,,,,,,,,
,,,,,,,,,
,,,,,,,,,
,,,,,,,,,
,,,,,,,,,
,,,,,,,,,
,,,,,,,,,
,,,,313.02,,,,,
,,,,,,,,,
,,,,,,,,,
,,,,,,,,,
,,,,,,,,,
,,,,,,,,,
,,,,,,,,,
,,,,,,,,,
,,,,,,,,,
,,,,,,,,,
,,,,,,,,,
,,,,,,,,,
,,,,,,,,,
,,,,328.715,,,,,
,,,,,,,,,
,,,,,,,,,
,,,,,,,,,
,,,,,,,,,
,,,,,,,,,
,,,,,,,,,
,,,,,,,,,
,,,,,,,,,
,,,,,,,,,
,,,,,,,,,
,,,,,,,,,
,,,,,,,,,
,,,,,,,,,
,,,,285.761,,,,,
,,,,,,,,,
,,,,,,,,,
,,,,,,,,,
,,,,,,,,,
,,,,,,,,,
,,,,,,,,,
,,,,,,,,,
,,,,,,,,,
,,,,,,,,,
,,,,,,,,,
,,,,,,,,,
,,,,,,,,,
,,,,,,,,,
,,,,267.913,,,,,
,,,,,,,,,
,,,,,,,,,
,,,,,,,,,
,,,,,,,,,
,,,,,,,,,
,,,,,,,,,
,,,,,,,,,
,,,,,,,,,
,,,,,,,,,
,,,,,,,,,
,,,,,,,,,
,,,,,,,,,
,,,,,,,,,
,,,,207.171,,,,,
,,,,315.962,,,,,
,,,,,,,,,
,,,,,,,,,
,,,,,,,,,
,,,,,,,,,
,,,,,,,,,
,,,,,,,,,
,,,,,,,,,
,,,,,,,,,
,,,,,,,,,
,,,,,,,,,
,,,,,,,,,
,,,,,,,,,
,,,,,,,,,
,,,,338.042,,,,,
,,,,,,,,,
,,,,,,,,,
,,,,,,,,,
,,,,,,,,,
,,,,,,,,,
,,,,,,,,,
,,,,,,,,,
,,,,,,,,,
,,,,,,,,,
,,,,,,,,,
,,,,,,,,,
,,,,,,,,,
,,,,,,,,,
,,,,206.973,,,,,
,,,,,,,,,
,,,,,,,,,
,,,,,,,,,
,,,,,,,,,
,,,,,,,,,
,,,,,,,,,
,,,,,,,,,
,,,,,,,,,
,,,,,,,,,
,,,,,,,,,
,,,,,,,,,
,,,,,,,,,
,,,,,,,,,
,,,,128.906,,,,,
,,,,,,,,,
,,,,,,,,,
,,,,,,,,,
,,,,,,,,,
,,,,,,,,,
,,,,,,,,,
,,,,,,,,,
,,,,,,,,,
,,,,,,,,,
,,,,,,,,,
,,,,,,,,,
,,,,,,,,,
,,,,,,,,,
,,,,210.954,,,,,
,,,,,,,,,
,,,,,,,,,
,,,,,,,,,
,,,,,,,,,
,,,,,,,,,
,,,,,,,,,
,,,,,,,,,
,,,,,,,,,
,,,,,,,,,
,,,,,,,,,
,,,,,,,,,
,,,,,,,,,
,,,,,,,,,
,,,,36.703,,,,,
,,,,13.509,,,,,
,,,,,,,,,
,,,,,,,,,
,,,,,,,,,
,,,,,,,,,
,,,,,,,,,
,,,,,,,,,
,,,,,,,,,
,,,,,,,,,
,,,,,,,,,
,,,,,,,,,
,,,,,,,,,
,,,,,,,,,
,,,,61.295,,,,,
,,,,61.304,,,,,
,,,,,,,,,
,,,,,,,,,
,,,,,,,,,
,,,,,,,,,
,,,,,,,,,
,,,,,,,,,
,,,,,,,,,
,,,,,,,,,
,,,,,,,,,
,,,,,,,,,
,,,,,,,,,
,,,,,,,,,
,,,,,,,,,
,,,,135.653,,,,,
,,,,,,,,,
,,,,,,,,,
,,,,,,,,,
,,,,,,,,,
,,,,,,,,,
,,,,,,,,,
,,,,,,,,,
,,,,,,,,,
,,,,,,,,,
,,,,,,,,,
,,,,,,,,,
,,,,,,,,,
,,,,,,,,,
,,,,144.407,,,,,
,,,,,,,,,
,,,,,,,,,
,,,,,,,,,
,,,,,,,,,
,,,,,,,,,
,,,,,,,,,
,,,,,,,,,
,,,,,,,,,
,,,,,,,,,
,,,,,,,,,
,,,,,,,,,
,,,,,,,,,
,,,,,,,,,
,,,,247.016,,,,,
,,,,,,,,,
,,,,,,,,,
,,,,,,,,,
,,,,,,,,,
,,,,,,,,,
,,,,,,,,,
,,,,,,,,,
,,,,,,,,,
,,,,,,,,,
,,,,,,,,,
,,,,,,,,,
,,,,,,,,,
,,,,,,,,,
,,,,77.09,,,,,
,,,,,,,,,
,,,,,,,,,
,,,,,,,,,
,,,,,,,,,
,,,,,,,,,
,,,,,,,,,
,,,,,,,,,
,,,,,,,,,
,,,,,,,,,
,,,,,,,,,
,,,,,,,,,
,,,,,,,,,
,,,,,,,,,
,,,,111.111,,,,,
,,,,154.294,,,,,
,,,,,,,,,
,,,,,,,,,
,,,,,,,,,
,,,,,,,,,
,,,,,,,,,
,,,,,,,,,
,,,,,,,,,
,,,,,,,,,
,,,,,,,,,
,,,,,,,,,
,,,,,,,,,
,,,,,,,,,
,,,,,,,,,
,,,,160.162,,,,,
,,,,492.579,,,,,
,,,,13.509,,,,,
